sys_id,number,short_description,priority,state,opened_at,resolved_at,closed_at,close_code,close_notes,assignment_group,cmdb_ci,opened_by,category,subcategory,u_product,parent_incident
INC8542134,INC8542134,Problem: Check Application Monitoring,4,7,2026-09-21 23:58:26,,2026-09-21 23:58:54,No Intervention Required,,Team14,IC02447,monitoring.system,Software,Health Check Failure,Application Monitoring,
INC8542133,INC8542133,Problem: Check gmail_vmta Queue,3,7,2026-09-21 23:55:32,,,Caused By Customer,Definitiva,Team05,IC01328,monitoring.system,Software,Service Unavailable,VPS Hosting,INC8542128
INC8542132,INC8542132,Problem: Check gmail_vmta Queue,3,7,2026-09-21 23:55:22,,,Caused By Customer,Definitiva,Team05,IC01565,monitoring.system,Software,Service Port Down,Shared Hosting,INC8542128
INC8542131,INC8542131,Problem: Check gmail_vmta Queue,3,7,2026-09-21 23:55:09,,,Caused By Customer,Definitiva,Team05,IC01597,monitoring.system,Software,General Support,Shared Hosting,INC8542128
INC8542130,INC8542130,Problem: Check gmail_vmta Queue,3,7,2026-09-21 23:54:28,,,Caused By Customer,Definitiva,Team05,IC01487,monitoring.system,Software,Application Crash,VPS Hosting,INC8542128
INC8542129,INC8542129,Problem: Check gmail_vmta Queue,3,7,2026-09-21 23:54:20,,,Caused By Customer,Definitiva,Team05,IC05748,monitoring.system,Software,Service Unavailable,VPS Hosting,INC8542128
INC8542127,INC8542127,Problem: Free disk space is less than 10% on volume /,4,7,2026-09-21 23:53:01,,,Application Failure,Contorno,Team14,IC00138,monitoring.system,Hardware,RAID/Storage Failure,Cloud Servers,
INC8542126,INC8542126,Problem: Check Application Monitoring,4,7,2026-09-21 23:51:27,,2026-09-21 23:56:45,No Intervention Required,,Team14,IC02448,monitoring.system,Software,Monitoring Alert,Application Monitoring,
INC8542125,INC8542125,Problem: Apache Busy Workers,3,7,2026-09-21 23:50:06,,,No Intervention Required,,Team14,IC00029,monitoring.system,Software,General Support,Shared Hosting,INC8542151
INC8542123,INC8542123,Problem: Apache Busy Workers,3,7,2026-09-21 23:46:55,,2026-09-21 23:52:08,No Intervention Required,,Team14,IC00910,monitoring.system,Hardware,Hypervisor Failure,Cloud Servers,
INC8542122,INC8542122,Problem: Check Application Monitoring,4,7,2026-09-21 23:45:36,,2026-09-21 23:49:59,No Intervention Required,,Team14,IC00367,monitoring.system,Software,Monitoring Alert,Application Monitoring,
INC8542121,INC8542121,Problem: Check PostgreSQL Replication Slave,4,7,2026-09-21 23:43:54,,2026-09-21 23:59:13,No Intervention Required,,Team14,IC00080,monitoring.system,Software,Replication Failure,Database Hosting,
INC8542120,INC8542120,Problem: Check Application Monitoring,4,7,2026-09-21 23:43:23,,2026-09-21 23:48:44,No Intervention Required,,Team14,IC02447,monitoring.system,Software,Health Check Failure,Application Monitoring,
INC8542119,INC8542119,Problem: Check Application Monitoring,4,7,2026-09-21 23:36:33,,2026-09-21 23:37:05,No Intervention Required,,Team14,IC00225,monitoring.system,Software,Health Check Failure,Application Monitoring,
INC8542118,INC8542118,Problem: Check Application Monitoring,4,7,2026-09-21 23:35:14,,2026-09-21 23:35:58,No Intervention Required,,Team14,IC00367,monitoring.system,Software,Monitoring Alert,Application Monitoring,
INC8542117,INC8542117,Problem: Free disk space is less than 10% on volume /,4,7,2026-09-21 23:32:38,,2026-09-21 23:46:42,No Intervention Required,,Team14,IC00138,monitoring.system,Hardware,RAID/Storage Failure,Cloud Servers,
INC8542115,INC8542115,Problem: Check Organic Bacula,3,7,2026-09-21 23:29:30,,,No Intervention Required,,Team01,IC03849,monitoring.system,Software,Backup Job Failure,Backup Service,
INC8542114,INC8542114,Problem: Check Application Monitoring,4,7,2026-09-21 23:24:51,,2026-09-21 23:30:10,No Intervention Required,,Team14,IC00032,monitoring.system,Software,Health Check Failure,Application Monitoring,
INC8542113,INC8542113,"Problem: Alarm Application Monitoring feeds Message: HTTPSConnectionPool(host='IC00004IC04172locawebIC04172comIC04172br', port=443): Read timed out. (read timeout=25)",4,7,2026-09-21 23:24:01,,2026-09-21 23:56:47,No Intervention Required,,Team14,IC04857,monitoring.system,Software,Health Check Failure,Application Monitoring,
INC8542111,INC8542111,Problem: Check Application Monitoring,4,7,2026-09-21 23:20:23,,2026-09-21 23:30:08,No Intervention Required,,Team14,IC00014,monitoring.system,Software,Health Check Failure,Application Monitoring,
INC8542110,INC8542110,Problem: Check Application Monitoring,4,7,2026-09-21 23:20:21,,2026-09-21 23:25:34,No Intervention Required,,Team14,IC00367,monitoring.system,Software,Monitoring Alert,Application Monitoring,
INC8542108,INC8542108,Problem: Check Application Monitoring,4,7,2026-09-21 23:18:09,,2026-09-21 23:18:37,No Intervention Required,,Team14,IC00002,monitoring.system,Software,Health Check Failure,Application Monitoring,
INC8542107,INC8542107,Problem: Check Application Monitoring VIP,4,7,2026-09-21 23:17:02,,2026-09-21 23:17:30,No Intervention Required,,Team14,IC00019,monitoring.system,Software,Health Check Failure,Application Monitoring,
INC8542106,INC8542106,Problem: Check Application Monitoring,4,7,2026-09-21 23:15:55,,2026-09-21 23:16:23,No Intervention Required,,Team14,IC00042,monitoring.system,Software,Monitoring Alert,Application Monitoring,
INC8542105,INC8542105,Problem: Check Application Monitoring,4,7,2026-09-21 23:13:37,,2026-09-21 23:18:42,No Intervention Required,,Team14,IC02447,monitoring.system,Software,Health Check Failure,Application Monitoring,
INC8542104,INC8542104,Problem: Check Application Monitoring,4,7,2026-09-21 23:13:35,,2026-09-21 23:33:43,No Intervention Required,,Team14,IC02761,monitoring.system,Software,Monitoring Alert,Application Monitoring,
INC8542103,INC8542103,Problem: Check Application Monitoring,4,7,2026-09-21 23:13:33,,2026-09-21 23:18:44,No Intervention Required,,Team14,IC00256,monitoring.system,Software,Monitoring Alert,Application Monitoring,
INC8542102,INC8542102,Problem: Error Backup Full Bacula,3,7,2026-09-21 23:13:28,,,No Intervention Required,,Team14,IC03813,monitoring.system,Software,Backup Job Failure,Backup Service,
INC8542101,INC8542101,Problem: Check Application Monitoring,4,7,2026-09-21 23:11:18,,2026-09-21 23:11:55,No Intervention Required,,Team14,IC00096,monitoring.system,Software,Monitoring Alert,Application Monitoring,
INC8542100,INC8542100,Problem: Check Application Monitoring,4,7,2026-09-21 23:10:15,,2026-09-21 23:10:46,No Intervention Required,,Team14,IC00014,monitoring.system,Software,Health Check Failure,Application Monitoring,
INC8542099,INC8542099,Problem: Check Application Monitoring,4,7,2026-09-21 23:10:13,,2026-09-21 23:10:48,No Intervention Required,,Team14,IC00367,monitoring.system,Software,Monitoring Alert,Application Monitoring,
INC8542098,INC8542098,"Problem: Alarm Application Monitoring feeds Message: HTTPSConnectionPool(host='IC00004IC04172locawebIC04172comIC04172br', port=443): Read timed out. (read timeout=25)",4,7,2026-09-21 23:10:04,,2026-09-21 23:10:56,No Intervention Required,,Team14,IC04857,monitoring.system,Software,Health Check Failure,Application Monitoring,
INC8542097,INC8542097,Problem: Check Application Monitoring,4,7,2026-09-21 23:06:50,,2026-09-21 23:31:35,No Intervention Required,,Team14,IC02448,monitoring.system,Software,Monitoring Alert,Application Monitoring,
INC8542095,INC8542095,Problem: Check Application Monitoring,4,7,2026-09-21 23:00:04,,2026-09-21 23:00:35,No Intervention Required,,Team14,IC00014,monitoring.system,Software,Health Check Failure,Application Monitoring,
INC8542094,INC8542094,Problem: Check Application Monitoring,4,7,2026-09-21 22:55:28,,2026-09-21 23:00:40,No Intervention Required,,Team14,IC00367,monitoring.system,Software,Monitoring Alert,Application Monitoring,
INC8542093,INC8542093,Problem: Check Application Monitoring,4,7,2026-09-21 22:54:10,,2026-09-21 22:58:24,No Intervention Required,,Team14,IC02447,monitoring.system,Software,Health Check Failure,Application Monitoring,
INC8542092,INC8542092,Problem: Check Application Monitoring VIP,4,7,2026-09-21 22:52:00,,2026-09-21 22:52:37,No Intervention Required,,Team14,IC00019,monitoring.system,Software,Health Check Failure,Application Monitoring,
INC8542091,INC8542091,Problem: Check Application Monitoring,4,7,2026-09-21 22:51:58,,2026-09-21 22:52:39,No Intervention Required,,Team14,IC00019,monitoring.system,Software,Health Check Failure,Application Monitoring,
INC8542090,INC8542090,Problem: Number of  IPs connected = 1,4,7,2026-09-21 22:50:50,,2026-09-21 22:51:45,No Intervention Required,,Team14,IC00821,monitoring.system,Software,General Support,Shared Hosting,
INC8542088,INC8542088,Problem: Check Application Monitoring,4,7,2026-09-21 22:48:30,,2026-09-21 22:58:21,No Intervention Required,,Team14,IC02761,monitoring.system,Software,Monitoring Alert,Application Monitoring,
INC8542087,INC8542087,Problem: Check Application Monitoring,4,7,2026-09-21 22:42:47,,2026-09-21 22:43:24,No Intervention Required,,Team14,IC00052,monitoring.system,Software,Health Check Failure,Application Monitoring,
INC8542086,INC8542086,Problem: Free disk space is less than 20% on volume /,4,7,2026-09-21 22:41:54,,2026-09-21 23:30:51,No Intervention Required,,Team14,IC00018,monitoring.system,Hardware,RAID/Storage Failure,Cloud Servers,
INC8542085,INC8542085,Problem: Check Application Monitoring,4,7,2026-09-21 22:41:38,,2026-09-21 22:42:16,No Intervention Required,,Team14,IC02448,monitoring.system,Software,Monitoring Alert,Application Monitoring,
INC8542083,INC8542083,Problem: Check Application Monitoring,4,7,2026-09-21 22:38:15,,2026-09-21 22:38:48,No Intervention Required,,Team14,IC00002,monitoring.system,Software,Health Check Failure,Application Monitoring,
INC8542082,INC8542082,Problem: Check Application Monitoring,4,7,2026-09-21 22:31:26,,2026-09-21 22:32:02,No Intervention Required,,Team14,IC02448,monitoring.system,Software,Monitoring Alert,Application Monitoring,
INC8542081,INC8542081,Problem: Check Application Monitoring,4,7,2026-09-21 22:30:16,,2026-09-21 22:50:26,No Intervention Required,,Team14,IC00014,monitoring.system,Software,Health Check Failure,Application Monitoring,
INC8542080,INC8542080,Problem: Check Application Monitoring,4,7,2026-09-21 22:25:40,,2026-09-21 22:31:00,No Intervention Required,,Team14,IC00367,monitoring.system,Software,Monitoring Alert,Application Monitoring,
INC8542079,INC8542079,Problem: Check Application Monitoring,4,7,2026-09-21 22:23:23,,2026-09-21 22:34:16,No Intervention Required,,Team14,IC02447,monitoring.system,Software,Health Check Failure,Application Monitoring,
INC8542078,INC8542078,Problem: Check Application Monitoring VIP,4,7,2026-09-21 22:22:12,,2026-09-21 22:27:30,No Intervention Required,,Team14,IC00019,monitoring.system,Software,Health Check Failure,Application Monitoring,
INC8542075,INC8542075,Problem: Check Application Monitoring,4,7,2026-09-21 22:16:27,,2026-09-21 22:21:47,No Intervention Required,,Team14,IC02448,monitoring.system,Software,Monitoring Alert,Application Monitoring,
INC8542074,INC8542074,Problem: Check Application Monitoring,4,7,2026-09-21 22:15:16,,2026-09-21 22:15:55,No Intervention Required,,Team14,IC00367,monitoring.system,Software,Monitoring Alert,Application Monitoring,
INC8542073,INC8542073,Problem: Check Application Monitoring,4,7,2026-09-21 22:14:02,,2026-09-21 22:18:21,No Intervention Required,,Team14,IC02761,monitoring.system,Software,Monitoring Alert,Application Monitoring,
INC8542072,INC8542072,Problem: IOwait grown up CPU queue,4,7,2026-09-21 22:14:00,,2026-09-21 22:33:17,No Intervention Required,,Team14,IC00025,monitoring.system,Software,General Support,Shared Hosting,
INC8542071,INC8542071,Problem: Check Application Monitoring,4,7,2026-09-21 22:10:46,,2026-09-21 22:11:25,No Intervention Required,,Team14,IC01984,monitoring.system,Software,Monitoring Alert,Application Monitoring,
INC8542070,INC8542070,Problem: Disk I/O is overloaded on IC00025,4,7,2026-09-21 22:09:35,,2026-09-21 22:21:40,No Intervention Required,,Team14,IC00025,monitoring.system,Software,General Support,Shared Hosting,
INC8542069,INC8542069,Problem: Check Application Monitoring,4,7,2026-09-21 22:08:27,,2026-09-21 22:09:06,No Intervention Required,,Team14,IC02447,monitoring.system,Software,Health Check Failure,Application Monitoring,
INC8542068,INC8542068,Problem: Check Application Monitoring,4,7,2026-09-21 22:00:18,,2026-09-21 22:20:32,No Intervention Required,,Team14,IC00014,monitoring.system,Software,Health Check Failure,Application Monitoring,
INC8542067,INC8542067,Problem: Check Application Monitoring,4,7,2026-09-21 21:57:53,,2026-09-21 22:03:27,No Intervention Required,,Team14,IC02761,monitoring.system,Software,Monitoring Alert,Application Monitoring,
INC8542066,INC8542066,Problem: Check Application Monitoring,4,7,2026-09-21 21:56:39,,2026-09-21 22:02:10,No Intervention Required,,Team14,IC00075,monitoring.system,Software,Monitoring Alert,Application Monitoring,
INC8542065,INC8542065,Problem: Check Application Monitoring,4,7,2026-09-21 21:56:35,,2026-09-21 22:01:08,No Intervention Required,,Team14,IC01984,monitoring.system,Software,Monitoring Alert,Application Monitoring,
INC8542064,INC8542064,Problem: Check Application Monitoring,4,7,2026-09-21 21:52:09,,2026-09-21 21:52:43,No Intervention Required,,Team14,IC00019,monitoring.system,Software,Health Check Failure,Application Monitoring,
INC8542063,INC8542063,Problem: Check Application Monitoring,4,7,2026-09-21 21:43:46,,2026-09-21 21:48:15,No Intervention Required,,Team14,IC02761,monitoring.system,Software,Monitoring Alert,Application Monitoring,
INC8542062,INC8542062,Problem: Check Application Monitoring,4,7,2026-09-21 21:40:56,,2026-09-21 21:50:29,No Intervention Required,,Team14,IC00014,monitoring.system,Software,Health Check Failure,Application Monitoring,
INC8542061,INC8542061,Problem: Check Application Monitoring,4,7,2026-09-21 21:38:31,,2026-09-21 21:48:17,No Intervention Required,,Team14,IC02447,monitoring.system,Software,Health Check Failure,Application Monitoring,
INC8542060,INC8542060,Problem: Check Application Monitoring,4,7,2026-09-21 21:37:49,,2026-09-21 21:41:08,No Intervention Required,,Team14,IC01984,monitoring.system,Software,Monitoring Alert,Application Monitoring,
INC8542058,INC8542058,Problem: Apache Busy Workers,3,7,2026-09-21 21:30:24,,2026-09-21 21:30:59,No Intervention Required,,Team14,IC00302,monitoring.system,Hardware,Disk/Swap Space,Cloud Servers,
INC8542057,INC8542057,Problem: EXCEPTION found on SMlog - Parent VDI Not Found,4,7,2026-09-21 21:29:09,,,Application Failure,Contorno,Team14,IC04408,monitoring.system,Software,Application Crash,VPS Hosting,
INC8542056,INC8542056,Problem: Check Organic Bacula,3,7,2026-09-21 21:28:21,,2026-09-21 22:10:02,No Intervention Required,,Team01,IC01085,monitoring.system,Software,Backup Job Failure,Backup Service,
INC8542054,INC8542054,Problem: Check Application Monitoring,4,7,2026-09-21 21:23:15,,2026-09-21 21:28:35,No Intervention Required,,Team14,IC02761,monitoring.system,Software,Monitoring Alert,Application Monitoring,
INC8542053,INC8542053,Problem: Check Application Monitoring,4,7,2026-09-21 21:20:59,,2026-09-21 21:25:10,No Intervention Required,,Team14,IC00367,monitoring.system,Software,Monitoring Alert,Application Monitoring,
INC8542052,INC8542052,Problem: Check Application Monitoring,4,7,2026-09-21 21:20:03,,2026-09-21 21:20:33,No Intervention Required,,Team14,IC00014,monitoring.system,Software,Health Check Failure,Application Monitoring,
INC8542051,INC8542051,Problem: Check Application Monitoring,4,7,2026-09-21 21:18:46,,2026-09-21 21:23:52,No Intervention Required,,Team14,IC02447,monitoring.system,Software,Health Check Failure,Application Monitoring,
INC8542050,INC8542050,Problem: Processor load is too high > 20%,4,7,2026-09-21 21:15:31,,2026-09-21 21:25:13,No Intervention Required,,Team14,IC05283,monitoring.system,Hardware,CPU/Memory Threshold,Cloud Servers,
INC8542049,INC8542049,Problem: Apache Busy Workers,3,7,2026-09-21 21:12:38,,2026-09-21 21:13:17,No Intervention Required,,Team14,IC00252,monitoring.system,Software,General Support,Shared Hosting,
INC8542048,INC8542048,Problem: Check Application Monitoring,4,7,2026-09-21 21:11:32,,2026-09-21 21:21:42,No Intervention Required,,Team14,IC00888,monitoring.system,Software,Health Check Failure,Application Monitoring,
INC8542047,INC8542047,[IC08561] Servidor alarmando Fan 8 [IC02822],4,7,2026-09-21 21:09:02,,,Hardware Failure,Definitiva,Team05,IC02822,itsm.operator,Software,Mail Sync Failure,Email Hosting,
INC8542045,INC8542045,Problem: Check Application Monitoring,4,7,2026-09-21 21:03:28,,2026-09-21 21:08:52,No Intervention Required,,Team14,IC02447,monitoring.system,Software,Health Check Failure,Application Monitoring,
INC8542044,INC8542044,Problem: Check PostgreSQL Replication Slave,4,7,2026-09-21 21:00:28,,2026-09-21 21:19:15,No Intervention Required,,Team14,IC00087,monitoring.system,Software,Replication Failure,Database Hosting,
INC8542043,INC8542043,Problem: Check Application Monitoring,4,7,2026-09-21 21:00:06,,2026-09-21 21:00:39,No Intervention Required,,Team14,IC00014,monitoring.system,Software,Health Check Failure,Application Monitoring,
INC8542042,INC8542042,Problem: Disk I/O is overloaded on IC00409,4,7,2026-09-21 20:58:59,,2026-09-21 20:59:29,No Intervention Required,,Team14,IC00409,monitoring.system,Software,General Support,Shared Hosting,
INC8542040,INC8542040,Problem: Check Application Monitoring,4,7,2026-09-21 20:57:52,,2026-09-21 21:03:06,No Intervention Required,,Team14,IC02761,monitoring.system,Software,Monitoring Alert,Application Monitoring,
INC8542039,INC8542039,"Problem: Alarm Application Monitoring feeds Message: HTTPSConnectionPool(host='IC00004IC04172locawebIC04172comIC04172br', port=443): Read timed out. (read timeout=25)",4,7,2026-09-21 20:57:50,,2026-09-21 21:03:08,No Intervention Required,,Team14,IC04857,monitoring.system,Software,Health Check Failure,Application Monitoring,
INC8542038,INC8542038,Problem: Check Application Monitoring,4,7,2026-09-21 20:55:45,,2026-09-21 21:05:21,No Intervention Required,,Team14,IC00367,monitoring.system,Software,Monitoring Alert,Application Monitoring,
INC8542037,INC8542037,Problem: Check Application Monitoring,4,7,2026-09-21 20:52:04,,2026-09-21 21:17:03,No Intervention Required,,Team14,IC02448,monitoring.system,Software,Monitoring Alert,Application Monitoring,
INC8542036,INC8542036,Problem: Error Backup Full Bacula,3,7,2026-09-21 20:48:23,2026-09-21 21:48:20,,Operating System Failure,Contorno,Team14,IC01413,monitoring.system,Hardware,Hypervisor Failure,Cloud Servers,
INC8542035,INC8542035,Problem: Apache Busy Workers,3,7,2026-09-21 20:47:33,,2026-09-21 20:52:15,No Intervention Required,,Team14,IC00033,monitoring.system,Software,General Support,Shared Hosting,
INC8542034,INC8542034,Problem: Check Application Monitoring VIP,4,7,2026-09-21 20:47:25,,2026-09-21 20:51:48,No Intervention Required,,Team14,IC00008,monitoring.system,Software,Monitoring Alert,Application Monitoring,
INC8542033,INC8542033,Problem: Apache Busy Workers,3,7,2026-09-21 20:46:17,,2026-09-21 20:52:02,No Intervention Required,,Team14,IC00636,monitoring.system,Hardware,Hypervisor Failure,Cloud Servers,
INC8542032,INC8542032,"Problem: Alarm Application Monitoring feeds Message: HTTPSConnectionPool(host='IC00004IC04172locawebIC04172comIC04172br', port=443): Read timed out. (read timeout=25)",4,7,2026-09-21 20:46:01,,2026-09-21 20:47:06,No Intervention Required,,Team14,IC04857,monitoring.system,Software,Health Check Failure,Application Monitoring,
INC8542031,INC8542031,Problem: Check Application Monitoring,4,7,2026-09-21 20:45:07,,2026-09-21 20:45:43,No Intervention Required,,Team14,IC00367,monitoring.system,Software,Monitoring Alert,Application Monitoring,
INC8542030,INC8542030,Problem: Check Application Monitoring,4,7,2026-09-21 20:42:57,,2026-09-21 20:48:12,No Intervention Required,,Team14,IC02761,monitoring.system,Software,Monitoring Alert,Application Monitoring,
INC8542029,INC8542029,Problem: Check Application Monitoring,4,7,2026-09-21 20:38:25,,2026-09-21 20:48:14,No Intervention Required,,Team14,IC02447,monitoring.system,Software,Health Check Failure,Application Monitoring,
INC8542026,INC8542026,Problem: Check PostgreSQL Replication Slave,4,7,2026-09-21 20:27:56,,2026-09-21 20:38:44,No Intervention Required,,Team14,IC00080,monitoring.system,Software,Replication Failure,Database Hosting,
INC8542024,INC8542024,Problem: Check Application Monitoring,4,7,2026-09-21 20:20:57,,2026-09-21 20:30:57,No Intervention Required,,Team14,IC00367,monitoring.system,Software,Monitoring Alert,Application Monitoring,
INC8542021,INC8542021,Problem: Check Application Monitoring,4,7,2026-09-21 20:14:03,,2026-09-21 20:18:25,No Intervention Required,,Team14,IC02447,monitoring.system,Software,Health Check Failure,Application Monitoring,
INC8542020,INC8542020,Problem: Check Application Monitoring,4,7,2026-09-21 20:11:46,,2026-09-21 20:26:29,No Intervention Required,,Team14,IC02448,monitoring.system,Software,Monitoring Alert,Application Monitoring,
INC8542019,INC8542019,Problem: Check Application Monitoring,4,7,2026-09-21 20:10:33,,2026-09-21 20:20:32,No Intervention Required,,Team14,IC00014,monitoring.system,Software,Health Check Failure,Application Monitoring,
INC8542016,INC8542016,Problem: Free disk space is less than 10% on volume /var/lib/wal_bacula,4,7,2026-09-21 20:08:53,,,No Intervention Required,,Team02,IC00647,monitoring.system,Software,Database Service Down,Database Hosting,
INC8542015,INC8542015,Problem: Check Application Monitoring,4,7,2026-09-21 20:08:24,,2026-09-21 20:22:57,No Intervention Required,,Team14,IC02761,monitoring.system,Software,Monitoring Alert,Application Monitoring,
INC8542014,INC8542014,Problem: Check Application Monitoring,4,7,2026-09-21 20:07:18,,2026-09-21 20:07:47,No Intervention Required,,Team14,IC00216,monitoring.system,Software,Monitoring Alert,Application Monitoring,
INC8542013,INC8542013,Problem: Error Backup Inc Bacula,3,7,2026-09-21 20:07:15,2026-09-21 21:31:11,,Application Failure,Contorno,Team14,IC04908,monitoring.system,Software,Backup Job Failure,Backup Service,
INC8542012,INC8542012,Problem: Check Application Monitoring,4,7,2026-09-21 20:05:57,,2026-09-21 20:10:15,No Intervention Required,,Team14,IC00367,monitoring.system,Software,Monitoring Alert,Application Monitoring,
INC8542011,INC8542011,Problem: /: Free disk space is less than 5,4,7,2026-09-21 20:05:51,,,Application Failure,Contorno,Team14,IC00381,monitoring.system,Hardware,RAID/Storage Failure,Cloud Servers,
INC8542010,INC8542010,Problem: Check Application Monitoring,4,7,2026-09-21 20:04:57,,2026-09-21 20:05:32,No Intervention Required,,Team14,IC00043,monitoring.system,Software,Monitoring Alert,Application Monitoring,
INC8542009,INC8542009,Problem: Error Backup Full Bacula,3,7,2026-09-21 20:04:13,,2026-09-21 21:21:00,No Intervention Required,,Team14,IC03644,monitoring.system,Software,Replication Failure,Database Hosting,
INC8542008,INC8542008,Problem: Check Application Monitoring VIP,4,7,2026-09-21 20:01:32,,2026-09-21 20:02:14,No Intervention Required,,Team14,IC00008,monitoring.system,Software,Monitoring Alert,Application Monitoring,
INC8542006,INC8542006,Problem: Check Application Monitoring,4,7,2026-09-21 19:58:03,,2026-09-21 19:58:44,No Intervention Required,,Team14,IC00002,monitoring.system,Software,Health Check Failure,Application Monitoring,
INC8542005,INC8542005,Problem: Disk I/O is overloaded on IC00416,4,7,2026-09-21 19:51:04,,2026-09-21 19:57:03,No Intervention Required,,Team14,IC00416,monitoring.system,Software,General Support,Shared Hosting,
INC8542004,INC8542004,Problem: Error Backup Full Bacula,3,7,2026-09-21 19:50:09,,2026-09-21 21:11:51,No Intervention Required,,Team14,IC04092,monitoring.system,Software,Application Crash,VPS Hosting,
INC8542003,INC8542003,Problem: Unavailable by ICMP ping,2,7,2026-09-21 19:45:21,2026-09-21 19:51:08,2026-09-21 19:52:10,Operating System Failure,Contorno,Team14,IC03813,monitoring.system,Software,Backup Job Failure,Backup Service,
INC8542002,INC8542002,Problem: Check Application Monitoring,4,7,2026-09-21 19:43:16,,2026-09-21 19:48:32,No Intervention Required,,Team14,IC02447,monitoring.system,Software,Health Check Failure,Application Monitoring,
INC8542001,INC8542001,Problem: Disk I/O is overloaded on IC00415,4,7,2026-09-21 19:40:57,,2026-09-21 19:43:56,No Intervention Required,,Team14,IC00415,monitoring.system,Software,General Support,Shared Hosting,
INC8542000,INC8542000,Problem: Check Application Monitoring,4,7,2026-09-21 19:40:52,,2026-09-21 19:45:05,No Intervention Required,,Team14,IC00367,monitoring.system,Software,Monitoring Alert,Application Monitoring,
INC8541999,INC8541999,Problem: Check Application Monitoring,4,7,2026-09-21 19:37:16,,2026-09-21 19:41:40,No Intervention Required,,Team14,IC02448,monitoring.system,Software,Monitoring Alert,Application Monitoring,
INC8541997,INC8541997,Problem: Check Application Monitoring,4,7,2026-09-21 19:31:34,,2026-09-21 19:37:05,No Intervention Required,,Team14,IC00323,monitoring.system,Software,Monitoring Alert,Application Monitoring,
INC8541996,INC8541996,Problem: Check Organic Bacula,3,7,2026-09-21 19:28:10,,2026-09-21 22:09:57,No Intervention Required,,Team01,IC01085,monitoring.system,Software,Backup Job Failure,Backup Service,
INC8541994,INC8541994,"Problem: Alarm Application Monitoring feeds Message: HTTPSConnectionPool(host='IC00004IC04172locawebIC04172comIC04172br', port=443): Read timed out. (read timeout=25)",4,7,2026-09-21 19:22:00,,2026-09-21 19:25:22,No Intervention Required,,Team14,IC04857,monitoring.system,Software,Health Check Failure,Application Monitoring,
INC8541993,INC8541993,Problem: Check Application Monitoring,4,7,2026-09-21 19:20:13,,2026-09-21 19:30:05,No Intervention Required,,Team14,IC00367,monitoring.system,Software,Monitoring Alert,Application Monitoring,
INC8541992,INC8541992,Problem: Check Application Monitoring,4,7,2026-09-21 19:20:11,,2026-09-21 19:50:38,No Intervention Required,,Team14,IC00014,monitoring.system,Software,Health Check Failure,Application Monitoring,
INC8541991,INC8541991,Problem: Check Application Monitoring,4,7,2026-09-21 19:18:52,,2026-09-21 19:23:07,No Intervention Required,,Team14,IC02447,monitoring.system,Software,Health Check Failure,Application Monitoring,
INC8541988,INC8541988,Problem: EXCEPTION found on SMlog - Parent VDI Not Found,4,7,2026-09-21 19:14:24,,,Application Failure,Contorno,Team14,IC02209,monitoring.system,Hardware,RAID/Storage Failure,Cloud Servers,
INC8541987,INC8541987,Problem: Disk I/O is overloaded on IC00047,4,7,2026-09-21 19:12:43,,2026-09-21 19:31:13,No Intervention Required,,Team14,IC00047,monitoring.system,Software,General Support,Shared Hosting,
INC8541986,INC8541986,Problem: Disk I/O is overloaded on IC00414,4,7,2026-09-21 19:11:46,,2026-09-21 19:12:36,No Intervention Required,,Team14,IC00414,monitoring.system,Software,General Support,Shared Hosting,
INC8541985,INC8541985,Problem: Check Application Monitoring VIP,4,7,2026-09-21 19:11:44,,2026-09-21 19:12:30,No Intervention Required,,Team14,IC00019,monitoring.system,Software,Health Check Failure,Application Monitoring,
INC8541984,INC8541984,Problem: Check Application Monitoring,4,7,2026-09-21 19:08:19,,2026-09-21 19:08:53,No Intervention Required,,Team14,IC02447,monitoring.system,Software,Health Check Failure,Application Monitoring,
INC8541983,INC8541983,Problem: Check Application Monitoring,4,7,2026-09-21 19:06:03,,2026-09-21 19:06:42,No Intervention Required,,Team14,IC00888,monitoring.system,Software,Health Check Failure,Application Monitoring,
INC8541982,INC8541982,Problem: Check Application Monitoring,4,7,2026-09-21 19:04:53,,2026-09-21 19:05:29,No Intervention Required,,Team14,IC00043,monitoring.system,Software,Monitoring Alert,Application Monitoring,
INC8541981,INC8541981,Problem: Check Application Monitoring,4,7,2026-09-21 19:01:28,,2026-09-21 19:02:01,No Intervention Required,,Team14,IC00225,monitoring.system,Software,Health Check Failure,Application Monitoring,
INC8541979,INC8541979,Problem: Check Application Monitoring,4,7,2026-09-21 19:00:18,,2026-09-21 19:00:53,No Intervention Required,,Team14,IC00367,monitoring.system,Software,Monitoring Alert,Application Monitoring,
INC8541978,INC8541978,Problem: Check Application Monitoring,4,7,2026-09-21 18:53:58,,2026-09-21 18:58:47,No Intervention Required,,Team14,IC02447,monitoring.system,Software,Health Check Failure,Application Monitoring,
INC8541977,INC8541977,Problem: Check Application Monitoring,4,7,2026-09-21 18:48:22,,2026-09-21 18:48:51,No Intervention Required,,Team14,IC00002,monitoring.system,Software,Health Check Failure,Application Monitoring,
INC8541976,INC8541976,Problem: EXCEPTION found on SMlog - Parent VDI Not Found,4,7,2026-09-21 18:44:16,,2026-09-21 20:55:15,No Intervention Required,,Team14,IC04408,monitoring.system,Software,Application Crash,VPS Hosting,
INC8541974,INC8541974,Problem: Check Application Monitoring,4,7,2026-09-21 18:40:26,,2026-09-21 18:50:31,No Intervention Required,,Team14,IC00014,monitoring.system,Software,Health Check Failure,Application Monitoring,
INC8541973,INC8541973,Problem: EXCEPTION found on SMlog - leaf-coalesce,4,7,2026-09-21 18:39:18,2026-09-21 20:57:42,,Cloud Failure,Contorno,Team14,IC04408,monitoring.system,Software,Application Crash,VPS Hosting,
INC8541972,INC8541972,Problem: Check Application Monitoring,4,7,2026-09-21 18:38:06,,2026-09-21 18:53:00,No Intervention Required,,Team14,IC02761,monitoring.system,Software,Monitoring Alert,Application Monitoring,
INC8541971,INC8541971,Problem: Apache Busy Workers,3,7,2026-09-21 18:37:32,,2026-09-21 18:38:20,No Intervention Required,,Team14,IC01413,monitoring.system,Hardware,Hypervisor Failure,Cloud Servers,
INC8541970,INC8541970,Problem: Check Application Monitoring,4,7,2026-09-21 18:32:13,,2026-09-21 18:36:41,No Intervention Required,,Team14,IC02448,monitoring.system,Software,Monitoring Alert,Application Monitoring,
INC8541969,INC8541969,Problem: Disk I/O is overloaded on IC00420,4,7,2026-09-21 18:31:05,,2026-09-21 18:31:15,No Intervention Required,,Team14,IC00420,monitoring.system,Software,General Support,Shared Hosting,
INC8541968,INC8541968,Problem: Check Application Monitoring,4,7,2026-09-21 18:29:55,,2026-09-21 18:30:36,No Intervention Required,,Team14,IC00014,monitoring.system,Software,Health Check Failure,Application Monitoring,
INC8541965,INC8541965,Problem: Check Nginx on port 443,3,7,2026-09-21 18:27:34,,2026-09-21 18:52:57,No Intervention Required,,Team14,IC04652,monitoring.system,Network,Connectivity Loss,Network,
INC8541963,INC8541963,Problem: Check Application Monitoring,4,7,2026-09-21 18:25:14,,2026-09-21 18:50:29,No Intervention Required,,Team14,IC01162,monitoring.system,Software,Health Check Failure,Application Monitoring,
INC8541961,INC8541961,Problem: Check Nginx on port 443,3,7,2026-09-21 18:24:03,,2026-09-21 18:50:27,No Intervention Required,,Team14,IC01162,monitoring.system,Software,Health Check Failure,Application Monitoring,
INC8541960,INC8541960,Problem: Check Application Monitoring,4,7,2026-09-21 18:22:53,,2026-09-21 18:23:38,No Intervention Required,,Team14,IC02761,monitoring.system,Software,Monitoring Alert,Application Monitoring,
INC8541958,INC8541958,Problem: Check Application Monitoring,4,7,2026-09-21 18:21:51,,2026-09-21 18:52:43,No Intervention Required,,Team14,IC01738,monitoring.system,Software,Monitoring Alert,Application Monitoring,
INC8541957,INC8541957,Problem: Check Nginx on port 443,3,7,2026-09-21 18:21:42,,2026-09-21 18:47:51,No Intervention Required,,Team14,IC01738,monitoring.system,Software,Monitoring Alert,Application Monitoring,
INC8541954,INC8541954,plano de hospedagem ativado e dominio desativado no painel de emails,3,7,2026-09-21 18:18:23,2026-09-21 18:41:17,,Other,Definitiva,Team11,IC01285,itsm.operator,Software,Commercial Request,Shared Hosting,
INC8541953,INC8541953,Problem: /: Free disk space is less than 5,4,7,2026-09-21 18:18:02,,2026-09-21 18:22:51,No Intervention Required,,Team14,IC00381,monitoring.system,Hardware,RAID/Storage Failure,Cloud Servers,
INC8541952,INC8541952,Problem: Check Application Monitoring,4,7,2026-09-21 18:15:58,,2026-09-21 18:40:58,No Intervention Required,,Team14,IC00367,monitoring.system,Software,Monitoring Alert,Application Monitoring,
INC8541951,INC8541951,Problem: Pool: /Common/xpl_lw-req_payment_processor_https has backends off,4,7,2026-09-21 18:13:58,,2026-09-21 18:36:52,No Intervention Required,,Team14,,monitoring.system,Software,General Support,Shared Hosting,
INC8541950,INC8541950,Problem: IOwait grown up CPU queue,4,7,2026-09-21 18:13:46,,2026-09-21 21:47:09,No Intervention Required,,Team14,IC00054,monitoring.system,Software,General Support,Shared Hosting,
INC8541949,INC8541949,Problem: Disk I/O is overloaded on IC00054,4,7,2026-09-21 18:10:18,,2026-09-21 21:40:06,No Intervention Required,,Team14,IC00054,monitoring.system,Software,General Support,Shared Hosting,
INC8541948,INC8541948,Problem: Check Application Monitoring,4,7,2026-09-21 18:06:54,,2026-09-21 18:16:49,No Intervention Required,,Team14,IC02448,monitoring.system,Software,Monitoring Alert,Application Monitoring,
INC8541947,INC8541947,Problem: IOwait grown up CPU queue,4,7,2026-09-21 18:02:18,,2026-09-21 18:15:39,No Intervention Required,,Team14,IC00162,monitoring.system,Network,Interface Flap,Network,
INC8541946,INC8541946,Problem: Check Application Monitoring,4,7,2026-09-21 18:01:16,,2026-09-21 18:27:06,No Intervention Required,,Team14,IC01064,monitoring.system,Software,Health Check Failure,Application Monitoring,
INC8541945,INC8541945,Problem: Check Nginx on port 443,3,7,2026-09-21 18:01:07,,2026-09-21 18:27:08,No Intervention Required,,Team14,IC01064,monitoring.system,Software,Health Check Failure,Application Monitoring,
INC8541944,INC8541944,Problem: Check Application Monitoring,4,7,2026-09-21 18:00:11,,2026-09-21 18:00:37,No Intervention Required,,Team14,IC00032,monitoring.system,Software,Health Check Failure,Application Monitoring,
INC8541943,INC8541943,Problem: Check Application Monitoring,4,7,2026-09-21 18:00:09,,2026-09-21 18:09:57,No Intervention Required,,Team14,IC00014,monitoring.system,Software,Health Check Failure,Application Monitoring,
INC8541942,INC8541942,Problem: Health Check Monitoring IC00162 is Down,3,7,2026-09-21 18:00:07,,2026-09-21 18:15:35,No Intervention Required,,Team14,IC00162,monitoring.system,Network,Interface Flap,Network,
INC8541941,INC8541941,Problem: Disk I/O is overloaded on IC00162,4,7,2026-09-21 17:57:52,,2026-09-21 18:05:16,No Intervention Required,,Team14,IC00162,monitoring.system,Network,Interface Flap,Network,
INC8541940,INC8541940,Problem: Pool: /Common/pl_lw-recipes-manager_https has insufficient backends (only 1 is UP),2,7,2026-09-21 17:56:46,2026-09-21 18:05:53,2026-09-21 18:07:23,Application Failure,Contorno,Team14,IC00329,monitoring.system,Network,High Latency,Network,
INC8541939,INC8541939,Problem: Pool: /Common/xpl_lw-sapi_https has backends off,4,7,2026-09-21 17:53:04,,2026-09-21 17:53:56,No Intervention Required,,Team14,,monitoring.system,Software,General Support,Shared Hosting,
INC8541937,INC8541937,[email-go] falha na verificação do dominio no painel de emails,3,7,2026-09-21 17:49:50,,,Application Failure,Contorno,Team05,IC01285,itsm.operator,Software,Commercial Request,Shared Hosting,
INC8541936,INC8541936,Problem: Check Application Monitoring,4,7,2026-09-21 17:48:36,,2026-09-21 18:13:21,No Intervention Required,,Team14,IC02447,monitoring.system,Software,Health Check Failure,Application Monitoring,
INC8541935,INC8541935,Problem: Check Application Monitoring,4,7,2026-09-21 17:41:19,,2026-09-21 18:36:34,No Intervention Required,,Team14,IC00523,monitoring.system,Software,Health Check Failure,Application Monitoring,
INC8541934,INC8541934,Problem: Check Application Monitoring,4,7,2026-09-21 17:40:08,,2026-09-21 17:45:46,No Intervention Required,,Team14,IC00367,monitoring.system,Software,Monitoring Alert,Application Monitoring,
INC8541933,INC8541933,Problem: Check Nginx on port 443,3,7,2026-09-21 17:36:45,,2026-09-21 18:31:48,No Intervention Required,,Team14,IC00523,monitoring.system,Software,Health Check Failure,Application Monitoring,
INC8541932,INC8541932,Problem: Check Application Monitoring,4,7,2026-09-21 17:36:43,,2026-09-21 17:56:17,No Intervention Required,,Team14,IC02448,monitoring.system,Software,Monitoring Alert,Application Monitoring,
INC8541931,INC8541931,Problem: Check Application Monitoring,4,7,2026-09-21 17:33:23,,2026-09-21 17:58:29,No Intervention Required,,Team14,IC01795,monitoring.system,Software,Health Check Failure,Application Monitoring,
INC8541930,INC8541930,Problem: Check Nginx on port 443,3,7,2026-09-21 17:29:42,,2026-09-21 17:56:13,No Intervention Required,,Team14,IC01795,monitoring.system,Software,Health Check Failure,Application Monitoring,
INC8541929,INC8541929,Problem: Check Application Monitoring,4,7,2026-09-21 17:28:30,,2026-09-21 17:32:53,No Intervention Required,,Team14,IC02761,monitoring.system,Software,Monitoring Alert,Application Monitoring,
INC8541928,INC8541928,Problem: Check Application Monitoring,4,7,2026-09-21 17:26:14,,2026-09-21 17:51:45,No Intervention Required,,Team14,IC00511,monitoring.system,Software,Monitoring Alert,Application Monitoring,
INC8541927,INC8541927,Problem: Check Nginx on port 443,3,7,2026-09-21 17:25:06,,2026-09-21 17:51:42,No Intervention Required,,Team14,IC00511,monitoring.system,Software,Monitoring Alert,Application Monitoring,
INC8541926,INC8541926,Problem: Check Application Monitoring,4,7,2026-09-21 17:25:05,,2026-09-21 17:30:40,No Intervention Required,,Team14,IC00367,monitoring.system,Software,Monitoring Alert,Application Monitoring,
INC8541925,INC8541925,Problem: Check PostgreSQL Replication Slave,4,7,2026-09-21 17:23:37,,2026-09-21 17:43:29,No Intervention Required,,Team14,IC00087,monitoring.system,Software,Replication Failure,Database Hosting,
INC8541924,INC8541924,Problem: Check Application Monitoring,4,7,2026-09-21 17:21:42,,2026-09-21 17:47:03,No Intervention Required,,Team14,IC01738,monitoring.system,Software,Monitoring Alert,Application Monitoring,
INC8541923,INC8541923,Problem: Check Nginx on port 443,3,7,2026-09-21 17:21:39,,2026-09-21 17:47:05,No Intervention Required,,Team14,IC01738,monitoring.system,Software,Monitoring Alert,Application Monitoring,
INC8541921,INC8541921,dominio inativo no painel de emails,3,7,2026-09-21 17:17:39,2026-09-21 18:09:50,,Application Failure,Contorno,Team11,IC01285,itsm.operator,Software,Commercial Request,Shared Hosting,
INC8541920,INC8541920,Problem: Check PostgreSQL Replication Slave,4,7,2026-09-21 17:12:34,,2026-09-21 17:55:57,No Intervention Required,,Team14,IC04245,monitoring.system,Software,Replication Failure,Database Hosting,
INC8541919,INC8541919,Problem: Check Application Monitoring,4,7,2026-09-21 17:10:11,,2026-09-21 17:20:02,No Intervention Required,,Team14,IC00032,monitoring.system,Software,Health Check Failure,Application Monitoring,
INC8541918,INC8541918,Problem: Check Application Monitoring,4,7,2026-09-21 17:10:09,,2026-09-21 17:10:49,No Intervention Required,,Team14,IC00014,monitoring.system,Software,Health Check Failure,Application Monitoring,
INC8541917,INC8541917,Problem: Check Application Monitoring VIP,4,7,2026-09-21 17:06:46,,2026-09-21 17:11:59,No Intervention Required,,Team14,IC00008,monitoring.system,Software,Monitoring Alert,Application Monitoring,
INC8541916,INC8541916,Problem: Check Application Monitoring,4,7,2026-09-21 17:03:57,,2026-09-21 17:28:22,No Intervention Required,,Team14,IC02447,monitoring.system,Software,Health Check Failure,Application Monitoring,
INC8541915,INC8541915,Problem: Check Application Monitoring,4,7,2026-09-21 17:01:39,,2026-09-21 17:16:38,No Intervention Required,,Team14,IC01064,monitoring.system,Software,Health Check Failure,Application Monitoring,
INC8541914,INC8541914,falha provisionamento upgrade de plano,3,7,2026-09-21 17:00:40,2026-09-21 17:13:51,,Application Failure,Contorno,Team11,IC01285,itsm.operator,Software,Commercial Request,Shared Hosting,
INC8541913,INC8541913,Problem: Check Nginx on port 443,3,7,2026-09-21 17:00:30,2026-09-21 17:16:20,,Application Failure,Contorno,Team14,IC01064,monitoring.system,Software,Health Check Failure,Application Monitoring,
INC8541912,INC8541912,Problem: IC06745 - IC01442 - Falha em reinstalação: ID: 173080,4,7,2026-09-21 17:00:18,,2026-09-21 17:07:21,No Intervention Required,,Team14,IC04860,monitoring.system,Software,General Support,Shared Hosting,
INC8541911,INC8541911,Problem: Check Application Monitoring,4,7,2026-09-21 16:58:19,,2026-09-21 16:58:51,No Intervention Required,,Team14,IC00002,monitoring.system,Software,Health Check Failure,Application Monitoring,
INC8541910,INC8541910,Problem: Check Application Monitoring,4,7,2026-09-21 16:58:17,,2026-09-21 16:58:49,No Intervention Required,,Team14,IC00003,monitoring.system,Software,Health Check Failure,Application Monitoring,
INC8541909,INC8541909,Problem: IC06745 - IC01442 - Falha em ativação: ID: 101842,4,7,2026-09-21 16:57:49,,2026-09-21 17:07:50,No Intervention Required,,Team14,IC04860,monitoring.system,Software,General Support,Shared Hosting,
INC8541907,INC8541907,Problem: Check Application Monitoring,4,7,2026-09-21 16:54:50,,2026-09-21 17:15:24,No Intervention Required,,Team14,IC01162,monitoring.system,Software,Health Check Failure,Application Monitoring,
INC8541906,INC8541906,Problem: Check Nginx on port 443,3,7,2026-09-21 16:53:49,2026-09-21 17:11:55,,Application Failure,Contorno,Team14,IC01162,monitoring.system,Software,Health Check Failure,Application Monitoring,
INC8541905,INC8541905,Problem: Check Application Monitoring,4,7,2026-09-21 16:50:15,,2026-09-21 17:00:23,No Intervention Required,,Team14,IC00014,monitoring.system,Software,Health Check Failure,Application Monitoring,
INC8541903,INC8541903,Problem: Apache Busy Workers,3,7,2026-09-21 16:48:23,,2026-09-21 16:53:51,No Intervention Required,,Team14,IC01258,monitoring.system,Hardware,CPU/Memory Threshold,Cloud Servers,
INC8541902,INC8541902,Problem: Check Application Monitoring,4,7,2026-09-21 16:47:52,,2026-09-21 16:58:47,No Intervention Required,,Team14,IC02761,monitoring.system,Software,Monitoring Alert,Application Monitoring,
INC8541901,INC8541901,painel de email com tela em branco,3,7,2026-09-21 16:47:23,2026-09-21 17:57:53,,Application Failure,Contorno,Team11,IC01285,itsm.operator,Software,Commercial Request,Shared Hosting,
INC8541900,INC8541900,Problem: Apache Busy Workers,3,7,2026-09-21 16:46:36,,2026-09-21 17:01:06,No Intervention Required,,Team14,IC02613,monitoring.system,Hardware,Hypervisor Failure,Cloud Servers,
INC8541898,INC8541898,Problem: Check Service Bacula isn`t running,3,7,2026-09-21 16:43:52,,2026-09-21 17:06:59,No Intervention Required,,Team14,IC00310,monitoring.system,Hardware,Disk/Swap Space,Cloud Servers,
INC8541897,INC8541897,Problem: Check Application Monitoring,4,7,2026-09-21 16:43:22,,2026-09-21 16:48:42,No Intervention Required,,Team14,IC02447,monitoring.system,Software,Health Check Failure,Application Monitoring,
INC8541891,INC8541891,Problem: Check Application Monitoring,4,7,2026-09-21 16:39:57,,2026-09-21 16:40:36,No Intervention Required,,Team14,IC00014,monitoring.system,Software,Health Check Failure,Application Monitoring,
INC8541889,INC8541889,Problem: Check Application Monitoring,4,7,2026-09-21 16:36:38,,2026-09-21 16:37:10,No Intervention Required,,Team14,IC00008,monitoring.system,Software,Monitoring Alert,Application Monitoring,
INC8541860,INC8541860,Problem: Check Application Monitoring,4,7,2026-09-21 16:33:05,,2026-09-21 16:38:21,No Intervention Required,,Team14,IC02761,monitoring.system,Software,Monitoring Alert,Application Monitoring,
INC8541797,INC8541797,Problem: Check Application Monitoring,4,7,2026-09-21 16:30:50,,2026-09-21 16:31:27,No Intervention Required,,Team14,IC01984,monitoring.system,Software,Monitoring Alert,Application Monitoring,
INC8541795,INC8541795,Problem: Check Application Monitoring,4,7,2026-09-21 16:26:18,,2026-09-21 16:26:59,No Intervention Required,,Team14,IC00225,monitoring.system,Software,Health Check Failure,Application Monitoring,
INC8541791,INC8541791,Problem: Check Application Monitoring,4,7,2026-09-21 16:17:03,,2026-09-21 16:17:43,No Intervention Required,,Team14,IC00974,monitoring.system,Software,Monitoring Alert,Application Monitoring,
INC8541790,INC8541790,Problem: Check Application Monitoring,4,7,2026-09-21 16:16:00,,2026-09-21 16:16:35,No Intervention Required,,Team14,IC00042,monitoring.system,Software,Monitoring Alert,Application Monitoring,
INC8541789,INC8541789,Problem: Check Application Monitoring,4,7,2026-09-21 16:12:25,,2026-09-21 16:22:17,No Intervention Required,,Team14,IC02448,monitoring.system,Software,Monitoring Alert,Application Monitoring,
INC8541788,INC8541788,Problem: Check PostgreSQL Replication Slave,4,7,2026-09-21 16:11:40,,2026-09-21 16:31:22,No Intervention Required,,Team14,IC00087,monitoring.system,Software,Replication Failure,Database Hosting,
INC8541787,INC8541787,Problem: Check Application Monitoring,4,7,2026-09-21 16:10:08,,2026-09-21 16:10:50,No Intervention Required,,Team14,IC00014,monitoring.system,Software,Health Check Failure,Application Monitoring,
INC8541786,INC8541786,Problem: Check PostgreSQL Replication Slave,4,7,2026-09-21 16:04:56,,2026-09-21 16:48:20,No Intervention Required,,Team14,IC04245,monitoring.system,Software,Replication Failure,Database Hosting,
INC8541785,INC8541785,Problem: Hank Instalation Recipes::Domains::Domain::IC04228::Activate Domain_reserved,4,7,2026-09-21 16:04:11,2026-09-21 18:51:13,,Application Failure,Contorno,Team14,IC00324,monitoring.system,Software,Site Publishing,Website Builder,
INC8541784,INC8541784,Problem: Check Application Monitoring,4,7,2026-09-21 16:03:05,,2026-09-21 16:23:33,No Intervention Required,,Team14,IC02761,monitoring.system,Software,Monitoring Alert,Application Monitoring,
INC8541782,INC8541782,Problem: Check Application Monitoring,4,7,2026-09-21 15:58:35,,2026-09-21 15:59:06,No Intervention Required,,Team14,IC02447,monitoring.system,Software,Health Check Failure,Application Monitoring,
INC8541781,INC8541781,Problem: Check Application Monitoring,4,7,2026-09-21 15:51:31,,2026-09-21 15:56:56,No Intervention Required,,Team14,IC02448,monitoring.system,Software,Monitoring Alert,Application Monitoring,
INC8541780,INC8541780,Problem: Check Application Monitoring,4,7,2026-09-21 15:40:47,,2026-09-21 15:46:27,No Intervention Required,,Team14,IC01984,monitoring.system,Software,Monitoring Alert,Application Monitoring,
INC8541779,INC8541779,Problem: Check Application Monitoring,4,7,2026-09-21 15:40:42,,2026-09-21 15:49:56,No Intervention Required,,Team14,IC00014,monitoring.system,Software,Health Check Failure,Application Monitoring,
INC8541778,INC8541778,Problem: IOwait grown up CPU queue,4,7,2026-09-21 15:39:46,,2026-09-21 18:22:35,No Intervention Required,,Team14,IC00160,monitoring.system,Network,High Latency,Network,INC8541777
INC8541777,INC8541777,Problem: Health Check Monitoring IC00160 is Down,3,7,2026-09-21 15:37:28,,2026-09-21 18:15:36,No Intervention Required,,Team09,IC00160,monitoring.system,Network,High Latency,Network,
INC8541776,INC8541776,Problem: Disk I/O is overloaded on IC00160,4,7,2026-09-21 15:36:23,,2026-09-21 18:05:18,No Intervention Required,,Team14,IC00160,monitoring.system,Network,High Latency,Network,INC8541777
INC8541775,INC8541775,[IC08561] Servidor alarmando fan 3 [IC05749],4,7,2026-09-21 15:35:30,,,Hardware Failure,Definitiva,Team10,IC05749,itsm.operator,Software,General Support,Shared Hosting,
INC8541774,INC8541774,Problem: Check Application Monitoring,4,7,2026-09-21 15:35:16,,2026-09-21 15:35:41,No Intervention Required,,Team14,IC00367,monitoring.system,Software,Monitoring Alert,Application Monitoring,
INC8541773,INC8541773,Problem: Check Application Monitoring VIP,4,7,2026-09-21 15:31:48,,2026-09-21 15:32:23,No Intervention Required,,Team14,IC00008,monitoring.system,Software,Monitoring Alert,Application Monitoring,
INC8541770,INC8541770,Problem: Check Application Monitoring,4,7,2026-09-21 15:23:22,,2026-09-21 15:23:55,No Intervention Required,,Team14,IC00262,monitoring.system,Software,Health Check Failure,Application Monitoring,
INC8541769,INC8541769,Problem: Apache Busy Workers,3,7,2026-09-21 15:21:15,,2026-09-21 15:25:37,No Intervention Required,,Team14,IC00153,monitoring.system,Software,General Support,Shared Hosting,
INC8541767,INC8541767,Problem: Apache Busy Workers,3,7,2026-09-21 15:14:53,,2026-09-21 15:25:25,No Intervention Required,,Team14,IC00449,monitoring.system,Hardware,CPU/Memory Threshold,Cloud Servers,
INC8541766,INC8541766,Problem: Check Application Monitoring,4,7,2026-09-21 15:11:29,,2026-09-21 15:11:35,No Intervention Required,,Team14,IC02448,monitoring.system,Software,Monitoring Alert,Application Monitoring,
INC8541765,INC8541765,Problem: Check Application Monitoring,4,7,2026-09-21 15:07:50,,2026-09-21 15:18:21,No Intervention Required,,Team14,IC02761,monitoring.system,Software,Monitoring Alert,Application Monitoring,
INC8541763,INC8541763,Problem: Check Application Monitoring,4,7,2026-09-21 15:04:20,,2026-09-21 15:43:52,No Intervention Required,,Team14,IC00484,monitoring.system,Software,General Support,Shared Hosting,
INC8541762,INC8541762,Problem: Check Application Monitoring,4,7,2026-09-21 15:02:01,,2026-09-21 15:02:39,No Intervention Required,,Team14,IC00019,monitoring.system,Software,Health Check Failure,Application Monitoring,
INC8541761,INC8541761,Problem: Check Application Monitoring,4,7,2026-09-21 14:59:44,,2026-09-21 15:40:14,No Intervention Required,,Team14,IC00271,monitoring.system,Software,General Support,Shared Hosting,
INC8541760,INC8541760,Problem: Check Application Monitoring,4,7,2026-09-21 14:50:30,,2026-09-21 14:55:44,No Intervention Required,,Team14,IC00367,monitoring.system,Software,Monitoring Alert,Application Monitoring,
INC8541759,INC8541759,Problem: Check MySQL,2,7,2026-09-21 14:49:42,,2026-09-21 14:57:39,No Intervention Required,,Team14,IC03644,monitoring.system,Software,Replication Failure,Database Hosting,
INC8541758,INC8541758,Problem: Check MySQL on port 3306,3,7,2026-09-21 14:48:38,,2026-09-21 14:52:38,No Intervention Required,,Team14,IC03644,monitoring.system,Software,Replication Failure,Database Hosting,
INC8541757,INC8541757,Problem: Check Application Monitoring,4,7,2026-09-21 14:48:09,,2026-09-21 14:53:35,No Intervention Required,,Team14,IC02447,monitoring.system,Software,Health Check Failure,Application Monitoring,
INC8541756,INC8541756,Problem: Check PostgreSQL Replication Slave,4,7,2026-09-21 14:47:32,,2026-09-21 15:06:03,No Intervention Required,,Team14,IC00243,monitoring.system,Software,Database Service Down,Database Hosting,
INC8541755,INC8541755,Problem: Interface Gi0/50: High bandwidth usage >95%,2,7,2026-09-21 14:44:18,,2026-09-21 14:52:54,No Intervention Required,,Team12,IC02989,monitoring.system,Network,Interface Flap,Network,
INC8541753,INC8541753,Problem: Check Application Monitoring,4,7,2026-09-21 14:40:08,2026-09-21 15:13:47,,Application Failure,Contorno,Team14,IC00014,monitoring.system,Software,Health Check Failure,Application Monitoring,
INC8541752,INC8541752,Problem: Check Application Monitoring,4,7,2026-09-21 14:38:36,,2026-09-21 14:38:44,No Intervention Required,,Team14,IC00366,monitoring.system,Software,Monitoring Alert,Application Monitoring,
INC8541751,INC8541751,Problem: Check Application Monitoring,4,7,2026-09-21 14:37:52,,2026-09-21 14:38:39,No Intervention Required,,Team14,IC02761,monitoring.system,Software,Monitoring Alert,Application Monitoring,
INC8541750,INC8541750,Problem: Interface Ethernet1/27: High bandwidth usage >95%,2,7,2026-09-21 14:36:58,,2026-09-21 14:52:55,No Intervention Required,,Team12,IC02990,monitoring.system,Network,Connectivity Loss,Network,
INC8541749,INC8541749,"Problem: Alarm Application Monitoring feeds Message: HTTPSConnectionPool(host='IC00004IC04172locawebIC04172comIC04172br', port=443): Read timed out. (read timeout=25)",4,7,2026-09-21 14:36:05,,2026-09-21 17:13:10,No Intervention Required,,Team14,IC04857,monitoring.system,Software,Health Check Failure,Application Monitoring,
INC8541748,INC8541748,Problem: Check Application Monitoring,4,7,2026-09-21 14:35:37,,2026-09-21 14:40:44,No Intervention Required,,Team14,IC00367,monitoring.system,Software,Monitoring Alert,Application Monitoring,
INC8541747,INC8541747,Problem: Interface Gi0/50: High bandwidth usage >85%,3,7,2026-09-21 14:35:15,,2026-09-21 14:50:46,No Intervention Required,,Team12,IC02989,monitoring.system,Network,Interface Flap,Network,
INC8541745,INC8541745,Problem: Interface Ethernet1/27: High bandwidth usage >85%,3,7,2026-09-21 14:33:54,,2026-09-21 14:51:35,No Intervention Required,,Team12,IC02990,monitoring.system,Network,Connectivity Loss,Network,
INC8541744,INC8541744,Problem: Check Application Monitoring,4,7,2026-09-21 14:33:19,,2026-09-21 14:33:53,No Intervention Required,,Team14,IC02447,monitoring.system,Software,Health Check Failure,Application Monitoring,
INC8541742,INC8541742,Problem: Check Application Monitoring,4,7,2026-09-21 14:29:55,,2026-09-21 14:30:36,No Intervention Required,,Team14,IC00014,monitoring.system,Software,Health Check Failure,Application Monitoring,
INC8541740,INC8541740,Problem: Check PostgreSQL Replication Slave,4,7,2026-09-21 14:24:22,,2026-09-21 14:43:37,No Intervention Required,,Team14,IC00227,monitoring.system,Software,Database Service Down,Database Hosting,
INC8541739,INC8541739,Problem: Check Application Monitoring,4,7,2026-09-21 14:22:59,,2026-09-21 14:28:18,No Intervention Required,,Team14,IC02761,monitoring.system,Software,Monitoring Alert,Application Monitoring,
INC8541738,INC8541738,Problem: Check Application Monitoring VIP,4,7,2026-09-21 14:21:50,,2026-09-21 14:22:29,No Intervention Required,,Team14,IC00008,monitoring.system,Software,Monitoring Alert,Application Monitoring,
INC8541736,INC8541736,Problem: Check Application Monitoring,4,7,2026-09-21 14:10:26,,2026-09-21 14:15:40,No Intervention Required,,Team14,IC00367,monitoring.system,Software,Monitoring Alert,Application Monitoring,
INC8541735,INC8541735,Problem: Check Application Monitoring,4,7,2026-09-21 14:10:25,,2026-09-21 14:10:57,No Intervention Required,,Team14,IC00014,monitoring.system,Software,Health Check Failure,Application Monitoring,
INC8541734,INC8541734,Problem: Disk I/O is overloaded on IC00069,4,7,2026-09-21 14:10:23,,2026-09-21 14:55:48,No Intervention Required,,Team14,IC00069,monitoring.system,Software,General Support,Shared Hosting,
INC8541733,INC8541733,Problem: Check Application Monitoring,4,7,2026-09-21 14:09:08,,2026-09-21 14:13:25,No Intervention Required,,Team14,IC02447,monitoring.system,Software,Health Check Failure,Application Monitoring,
INC8541732,INC8541732,Problem: Check Application Monitoring,4,7,2026-09-21 14:08:04,,2026-09-21 14:13:21,No Intervention Required,,Team14,IC02761,monitoring.system,Software,Monitoring Alert,Application Monitoring,
INC8541731,INC8541731,Problem: Check Application Monitoring VIP,4,7,2026-09-21 14:06:53,,2026-09-21 14:07:36,No Intervention Required,,Team14,IC00019,monitoring.system,Software,Health Check Failure,Application Monitoring,
INC8541730,INC8541730,"Problem: Alarm Application Monitoring feeds Message: HTTPSConnectionPool(host='IC00004IC04172locawebIC04172comIC04172br', port=443): Read timed out. (read timeout=25)",4,7,2026-09-21 14:04:05,,2026-09-21 14:19:05,No Intervention Required,,Team14,IC04857,monitoring.system,Software,Health Check Failure,Application Monitoring,
INC8541729,INC8541729,Problem: Check Application Monitoring,4,7,2026-09-21 14:03:20,,2026-09-21 14:04:08,No Intervention Required,,Team14,IC00380,monitoring.system,Software,Monitoring Alert,Application Monitoring,
INC8541728,INC8541728,Domínio em instalação no gerenciador,3,7,2026-09-21 13:58:25,2026-09-21 14:26:12,2026-09-21 16:17:51,Application Failure,Contorno,Team11,IC00349,itsm.operator,Software,DNS Zone Management,Domain Registration,
INC8541727,INC8541727,Problem: Perf Teste Asp - Web Test Fail,2,7,2026-09-21 13:55:47,,2026-09-21 14:07:11,No Intervention Required,,Team14,IC04092,monitoring.system,Software,Application Crash,VPS Hosting,
INC8541726,INC8541726,Problem: Check Application Monitoring VIP,4,7,2026-09-21 13:52:41,,2026-09-21 13:57:15,No Intervention Required,,Team14,IC00019,monitoring.system,Software,Health Check Failure,Application Monitoring,
INC8541724,INC8541724,Problem: Check Application Monitoring,4,7,2026-09-21 13:51:41,,2026-09-21 14:01:47,No Intervention Required,,Team14,IC02448,monitoring.system,Software,Monitoring Alert,Application Monitoring,
INC8541723,INC8541723,Problem: Check Application Monitoring,4,7,2026-09-21 13:48:15,,2026-09-21 13:58:18,No Intervention Required,,Team14,IC02761,monitoring.system,Software,Monitoring Alert,Application Monitoring,
INC8541721,INC8541721,Problem: Check Application Monitoring,4,7,2026-09-21 13:45:53,,2026-09-21 14:00:37,No Intervention Required,,Team14,IC00367,monitoring.system,Software,Monitoring Alert,Application Monitoring,
INC8541720,INC8541720,Problem: Check Application Monitoring,4,7,2026-09-21 13:43:35,,2026-09-21 13:53:32,No Intervention Required,,Team14,IC02447,monitoring.system,Software,Health Check Failure,Application Monitoring,
INC8541719,INC8541719,Problem: Check Application Monitoring,4,7,2026-09-21 13:41:23,,2026-09-21 13:41:56,No Intervention Required,,Team14,IC02448,monitoring.system,Software,Monitoring Alert,Application Monitoring,
INC8541718,INC8541718,Problem: Check Application Monitoring,4,7,2026-09-21 13:40:09,,2026-09-21 13:40:51,No Intervention Required,,Team14,IC00014,monitoring.system,Software,Health Check Failure,Application Monitoring,
INC8541716,INC8541716,Problem: Check Application Monitoring VIP,4,7,2026-09-21 13:36:36,,2026-09-21 13:37:23,No Intervention Required,,Team14,IC00008,monitoring.system,Software,Monitoring Alert,Application Monitoring,
INC8541715,INC8541715,Problem: Sensor Umidade DC ITA02 - Corredor G01-09 >= 60%,4,7,2026-09-21 13:33:50,,2026-09-21 14:10:57,No Intervention Required,,Team04,,monitoring.system,Software,General Support,Shared Hosting,
INC8541714,INC8541714,Problem: Check Application Monitoring,4,7,2026-09-21 13:33:05,,2026-09-21 13:33:44,No Intervention Required,,Team14,IC02761,monitoring.system,Software,Monitoring Alert,Application Monitoring,
INC8541713,INC8541713,Problem: Check Application Monitoring VIP,4,7,2026-09-21 13:31:56,,2026-09-21 13:32:35,No Intervention Required,,Team14,IC00019,monitoring.system,Software,Health Check Failure,Application Monitoring,
INC8541709,INC8541709,Problem: Check Application Monitoring,4,7,2026-09-21 13:20:17,,2026-09-21 13:30:22,No Intervention Required,,Team14,IC00367,monitoring.system,Software,Monitoring Alert,Application Monitoring,
INC8541708,INC8541708,Problem: Check Application Monitoring,4,7,2026-09-21 13:17:57,,2026-09-21 13:18:45,No Intervention Required,,Team14,IC02761,monitoring.system,Software,Monitoring Alert,Application Monitoring,
INC8541707,INC8541707,Problem: Check Application Monitoring VIP,4,7,2026-09-21 13:16:51,,2026-09-21 13:17:29,No Intervention Required,,Team14,IC00008,monitoring.system,Software,Monitoring Alert,Application Monitoring,
INC8541705,INC8541705,Problem: Check Application Monitoring,4,7,2026-09-21 13:12:04,,2026-09-21 13:16:30,No Intervention Required,,Team14,IC02448,monitoring.system,Software,Monitoring Alert,Application Monitoring,
INC8541704,INC8541704,Problem: IC07174 agent on IC00995 is unreachable for 10 minutes,3,7,2026-09-21 13:10:08,2026-09-21 13:16:35,,Application Failure,Contorno,Team14,IC00995,monitoring.system,Software,General Support,Shared Hosting,
INC8541700,INC8541700,Problem: Check Application Monitoring,4,7,2026-09-21 13:02:52,,2026-09-21 13:03:38,No Intervention Required,,Team14,IC02761,monitoring.system,Software,Monitoring Alert,Application Monitoring,
INC8541699,INC8541699,Falha ao excluir site - supragrupoIC04172comIC04172br ,3,7,2026-09-21 13:02:21,2026-09-21 13:07:43,2026-09-21 13:41:18,Application Failure,Contorno,Team11,IC00349,itsm.operator,Software,DNS Zone Management,Domain Registration,
INC8541698,INC8541698,Problem: IC06745 - IC01442 - Servers with Hypervisor error: 130851,4,7,2026-09-21 13:02:20,,2026-09-21 13:22:25,No Intervention Required,,Team14,IC04860,monitoring.system,Software,General Support,Shared Hosting,
INC8541697,INC8541697,Problem: Check Application Monitoring,4,7,2026-09-21 13:00:36,,2026-09-21 13:05:57,No Intervention Required,,Team14,IC00367,monitoring.system,Software,Monitoring Alert,Application Monitoring,
INC8541696,INC8541696,Problem: Check Application Monitoring,4,7,2026-09-21 12:53:45,,2026-09-21 13:08:23,No Intervention Required,,Team14,IC02447,monitoring.system,Software,Health Check Failure,Application Monitoring,
INC8541695,INC8541695,Problem: Check Application Monitoring,4,7,2026-09-21 12:46:49,,2026-09-21 12:47:27,No Intervention Required,,Team14,IC00008,monitoring.system,Software,Monitoring Alert,Application Monitoring,
INC8541694,INC8541694,Problem: Check Application Monitoring,4,7,2026-09-21 12:46:47,,2026-09-21 12:52:05,No Intervention Required,,Team14,IC02448,monitoring.system,Software,Monitoring Alert,Application Monitoring,
INC8541693,INC8541693,Problem: Check Application Monitoring,4,7,2026-09-21 12:39:54,,2026-09-21 12:40:33,No Intervention Required,,Team14,IC00032,monitoring.system,Software,Health Check Failure,Application Monitoring,
INC8541691,INC8541691,Problem: IC06745 - IC01442 - Servers with Hypervisor error: 130851,4,7,2026-09-21 12:32:26,,2026-09-21 12:52:17,No Intervention Required,,Team14,IC04860,monitoring.system,Software,General Support,Shared Hosting,
INC8541688,INC8541688,Problem: Check Application Monitoring,4,7,2026-09-21 12:30:09,,2026-09-21 12:30:15,No Intervention Required,,Team14,IC00367,monitoring.system,Software,Monitoring Alert,Application Monitoring,
INC8541687,INC8541687,Problem: Check Application Monitoring,4,7,2026-09-21 12:30:07,,2026-09-21 12:40:31,No Intervention Required,,Team14,IC00014,monitoring.system,Software,Health Check Failure,Application Monitoring,
INC8541686,INC8541686,Problem: Check Application Monitoring,4,7,2026-09-21 12:28:34,,2026-09-21 12:28:47,No Intervention Required,,Team14,IC02761,monitoring.system,Software,Monitoring Alert,Application Monitoring,
INC8541685,INC8541685,Problem: Sensor Umidade DC ITA02 - Corredor G01-09 >= 60%,4,7,2026-09-21 12:27:41,,2026-09-21 12:47:03,No Intervention Required,,Team04,,monitoring.system,Software,General Support,Shared Hosting,
INC8541684,INC8541684,Problem: Check Application Monitoring,4,7,2026-09-21 12:21:25,,2026-09-21 12:31:28,No Intervention Required,,Team14,IC02448,monitoring.system,Software,Monitoring Alert,Application Monitoring,
INC8541683,INC8541683,Problem: Check Application Monitoring,4,7,2026-09-21 12:17:56,,2026-09-21 12:18:45,No Intervention Required,,Team14,IC02761,monitoring.system,Software,Monitoring Alert,Application Monitoring,
INC8541682,INC8541682,Problem: Apache Busy Workers,3,7,2026-09-21 12:17:37,,2026-09-21 12:27:56,No Intervention Required,,Team14,IC00184,monitoring.system,Hardware,RAID/Storage Failure,Cloud Servers,
INC8541681,INC8541681,Problem: Check Application Monitoring VIP,4,7,2026-09-21 12:16:47,,2026-09-21 12:17:29,No Intervention Required,,Team14,IC00019,monitoring.system,Software,Health Check Failure,Application Monitoring,
INC8541680,INC8541680,Problem: Apache Busy Workers,3,7,2026-09-21 12:13:07,,2026-09-21 12:23:27,No Intervention Required,,Team14,IC00056,monitoring.system,Hardware,CPU/Memory Threshold,Cloud Servers,
INC8541679,INC8541679,Problem: IC06745 - IC01442 - Servers with Hypervisor error: 130851,4,7,2026-09-21 12:12:24,,2026-09-21 12:22:25,No Intervention Required,,Team14,IC04860,monitoring.system,Software,General Support,Shared Hosting,
INC8541678,INC8541678,Problem: IOwait grown up CPU queue,4,7,2026-09-21 12:12:17,,2026-09-21 15:32:32,No Intervention Required,,Team14,IC00162,monitoring.system,Network,Interface Flap,Network,INC8541676
INC8541677,INC8541677,Problem: Disk I/O is overloaded on IC00069,4,7,2026-09-21 12:09:55,,2026-09-21 12:26:25,No Intervention Required,,Team14,IC00069,monitoring.system,Software,General Support,Shared Hosting,
INC8541676,INC8541676,Problem: Health Check Monitoring IC00162 is Down,3,7,2026-09-21 12:08:55,,2026-09-21 15:40:12,No Intervention Required,,Team09,IC00162,monitoring.system,Network,Interface Flap,Network,
INC8541675,INC8541675,Problem: Disk I/O is overloaded on IC00162,4,7,2026-09-21 12:08:53,,2026-09-21 15:30:07,No Intervention Required,,Team14,IC00162,monitoring.system,Network,Interface Flap,Network,INC8541676
INC8541674,INC8541674,Problem: Check Application Monitoring VIP,4,7,2026-09-21 12:06:42,,2026-09-21 12:07:16,No Intervention Required,,Team14,IC00008,monitoring.system,Software,Monitoring Alert,Application Monitoring,
INC8541673,INC8541673,Problem: Check Application Monitoring,4,7,2026-09-21 12:05:24,,2026-09-21 12:15:18,No Intervention Required,,Team14,IC00367,monitoring.system,Software,Monitoring Alert,Application Monitoring,
INC8541672,INC8541672,Problem: Check Apache on port 443,3,7,2026-09-21 12:04:09,,2026-09-21 12:27:38,No Intervention Required,,Team14,IC00729,monitoring.system,Network,Connectivity Loss,Network,
INC8541670,INC8541670,Problem: Check Application Monitoring,4,7,2026-09-21 12:00:49,,2026-09-21 12:01:27,No Intervention Required,,Team14,IC01984,monitoring.system,Software,Monitoring Alert,Application Monitoring,
INC8541669,INC8541669,Problem: Check Application Monitoring,4,7,2026-09-21 12:00:39,2026-09-21 12:11:29,,Application Failure,Contorno,Team14,IC00014,monitoring.system,Software,Health Check Failure,Application Monitoring,
INC8541668,INC8541668,Problem: Check Application Monitoring,4,7,2026-09-21 11:57:25,,2026-09-21 12:01:43,No Intervention Required,,Team14,IC02448,monitoring.system,Software,Monitoring Alert,Application Monitoring,
INC8541667,INC8541667,Problem: Check: Nginx Type: tcp on Port: 80 Not Running,2,7,2026-09-21 11:52:58,,2026-09-21 11:55:07,No Intervention Required,,Team14,IC00266,monitoring.system,Hardware,Disk/Swap Space,Cloud Servers,INC8541666
INC8541666,INC8541666,Problem: Check: Nginx Type: tcp on Port: 443 Not Running,2,7,2026-09-21 11:52:56,,2026-09-21 11:55:07,No Intervention Required,,Team14,IC00266,monitoring.system,Hardware,Disk/Swap Space,Cloud Servers,
INC8541664,INC8541664,Problem: Check Service Nginx isn´t Running,4,7,2026-09-21 11:51:26,,2026-09-21 11:52:43,No Intervention Required,,Team14,IC00266,monitoring.system,Hardware,Disk/Swap Space,Cloud Servers,
INC8541663,INC8541663,Problem: Check Application Monitoring,4,7,2026-09-21 11:48:25,,2026-09-21 12:15:34,No Intervention Required,,Team14,IC02447,monitoring.system,Software,Health Check Failure,Application Monitoring,
INC8541662,INC8541662,Problem: IC06745 - IC01442 - Servers with Hypervisor error: 130851,4,7,2026-09-21 11:47:26,,2026-09-21 12:02:20,No Intervention Required,,Team14,IC04860,monitoring.system,Software,General Support,Shared Hosting,
INC8541661,INC8541661,Problem: Check Application Monitoring,4,7,2026-09-21 11:45:55,,2026-09-21 11:50:11,No Intervention Required,,Team14,IC00367,monitoring.system,Software,Monitoring Alert,Application Monitoring,
INC8541659,INC8541659,[IC01767] Servidor fora ou instavél,2,7,2026-09-21 11:43:17,2026-09-21 11:53:41,2026-09-21 11:56:47,Application Failure,Contorno,Team14,IC01767,itsm.operator,Hardware,Disk/Swap Space,Cloud Servers,
INC8541658,INC8541658,Problem: Check Application Monitoring,4,7,2026-09-21 11:41:31,,2026-09-21 11:46:44,No Intervention Required,,Team14,IC02448,monitoring.system,Software,Monitoring Alert,Application Monitoring,
INC8541657,INC8541657,"Problem: Alarm Application Monitoring feeds Message: HTTPSConnectionPool(host='IC00004IC04172locawebIC04172comIC04172br', port=443): Read timed out. (read timeout=25)",4,7,2026-09-21 11:40:04,,2026-09-21 12:23:33,No Intervention Required,,Team14,IC04857,monitoring.system,Software,Health Check Failure,Application Monitoring,
INC8541656,INC8541656,Problem: Check Service on port 443 isn't running,3,7,2026-09-21 11:39:16,,2026-09-21 12:00:20,No Intervention Required,,Team14,IC05007,monitoring.system,Software,Certificate/TLS Issue,Shared Hosting,
INC8541655,INC8541655,Problem: Check Service on port 80 isn't running,3,7,2026-09-21 11:39:15,,2026-09-21 12:00:17,No Intervention Required,,Team14,IC05007,monitoring.system,Software,Certificate/TLS Issue,Shared Hosting,
INC8541654,INC8541654,Problem: Check Application Monitoring,4,7,2026-09-21 11:38:06,,2026-09-21 11:47:57,No Intervention Required,,Team14,IC02761,monitoring.system,Software,Monitoring Alert,Application Monitoring,
INC8541651,INC8541651,Problem: Check Application Monitoring,4,7,2026-09-21 11:29:52,,2026-09-21 11:30:40,No Intervention Required,,Team14,IC00014,monitoring.system,Software,Health Check Failure,Application Monitoring,
INC8541650,INC8541650,Problem: Check Application Monitoring,4,7,2026-09-21 11:25:17,,2026-09-21 11:25:54,No Intervention Required,,Team14,IC00367,monitoring.system,Software,Monitoring Alert,Application Monitoring,
INC8541649,INC8541649,Problem: Check PostgreSQL Replication Slave,4,7,2026-09-21 11:23:50,,2026-09-21 11:34:47,No Intervention Required,,Team14,IC00080,monitoring.system,Software,Replication Failure,Database Hosting,
INC8541648,INC8541648,Problem: Check Application Monitoring,4,7,2026-09-21 11:21:25,,2026-09-21 11:21:27,No Intervention Required,,Team14,IC01984,monitoring.system,Software,Monitoring Alert,Application Monitoring,
INC8541647,INC8541647,Problem: Check: Nginx Type: tcp on Port: 80 Not Running,2,7,2026-09-21 11:20:58,,2026-09-21 11:23:58,No Intervention Required,,Team14,IC00143,monitoring.system,Hardware,Disk/Swap Space,Cloud Servers,INC8541646
INC8541646,INC8541646,Problem: Check: Nginx Type: tcp on Port: 443 Not Running,2,7,2026-09-21 11:20:56,,2026-09-21 11:23:57,No Intervention Required,,Team14,IC00143,monitoring.system,Hardware,Disk/Swap Space,Cloud Servers,
INC8541645,INC8541645,Problem: Check Application Monitoring,4,7,2026-09-21 11:17:58,,2026-09-21 11:18:44,No Intervention Required,,Team14,IC00002,monitoring.system,Software,Health Check Failure,Application Monitoring,
INC8541644,INC8541644,Problem: Check Application Monitoring,4,7,2026-09-21 11:16:46,,2026-09-21 11:21:31,No Intervention Required,,Team14,IC02448,monitoring.system,Software,Monitoring Alert,Application Monitoring,
INC8541643,INC8541643,Problem: Error Backup Full Bacula,3,7,2026-09-21 11:11:48,,2026-09-21 13:23:33,No Intervention Required,,Team14,IC05750,monitoring.system,Software,Backup Job Failure,Backup Service,
INC8541642,INC8541642,"Problem: Alarm Application Monitoring feeds Message: HTTPSConnectionPool(host='IC00004IC04172locawebIC04172comIC04172br', port=443): Read timed out. (read timeout=25)",4,7,2026-09-21 11:09:58,,2026-09-21 11:29:28,No Intervention Required,,Team14,IC04857,monitoring.system,Software,Health Check Failure,Application Monitoring,
INC8541641,INC8541641,Problem: Check Application Monitoring,4,7,2026-09-21 11:08:46,,2026-09-21 11:14:00,No Intervention Required,,Team14,IC02447,monitoring.system,Software,Health Check Failure,Application Monitoring,
INC8541640,INC8541640,Problem: Check Application Monitoring,4,7,2026-09-21 11:08:36,,2026-09-21 11:18:48,No Intervention Required,,Team14,IC02761,monitoring.system,Software,Monitoring Alert,Application Monitoring,
INC8541639,INC8541639,Problem: Free disk space is less than 10% on volume E:,3,7,2026-09-21 11:07:41,,2026-09-21 11:16:20,No Intervention Required,,Team14,IC04595,monitoring.system,Hardware,Disk/Swap Space,Cloud Servers,
INC8541638,INC8541638,Problem: Check Application Monitoring,4,7,2026-09-21 11:06:26,,2026-09-21 11:07:05,No Intervention Required,,Team14,IC02448,monitoring.system,Software,Monitoring Alert,Application Monitoring,
INC8541637,INC8541637,Problem: IC07174 agent on IC00992 is unreachable for 10 minutes,3,7,2026-09-21 11:05:10,2026-09-21 11:17:20,,Application Failure,Contorno,Team14,IC00992,monitoring.system,Software,General Support,Shared Hosting,
INC8541636,INC8541636,Problem: Check Application Monitoring,4,7,2026-09-21 11:05:00,,2026-09-21 11:10:36,No Intervention Required,,Team14,IC00014,monitoring.system,Software,Health Check Failure,Application Monitoring,
INC8541635,INC8541635,Problem: IC06745 - IC01442 - Servers with Hypervisor error: 130851,4,7,2026-09-21 11:02:40,,2026-09-21 11:32:21,No Intervention Required,,Team14,IC04860,monitoring.system,Software,General Support,Shared Hosting,
INC8541634,INC8541634,Problem: Hank Instalation Recipes::Domains::Domain::IC04228::Activate Domain_reserved,4,7,2026-09-21 11:02:39,2026-09-21 13:00:06,,Application Failure,Contorno,Team11,IC00324,monitoring.system,Software,Site Publishing,Website Builder,
INC8541633,INC8541633,Problem: Check Application Monitoring VIP,4,7,2026-09-21 11:02:31,,2026-09-21 11:07:13,No Intervention Required,,Team14,IC00008,monitoring.system,Software,Monitoring Alert,Application Monitoring,
INC8541632,INC8541632,Problem: IC07174 agent on IC00996 is unreachable for 10 minutes,3,7,2026-09-21 11:01:43,2026-09-21 11:15:24,,Application Failure,Contorno,Team14,IC00996,monitoring.system,Software,General Support,Shared Hosting,
INC8541631,INC8541631,"Problem: Alarm Application Monitoring feeds Message: HTTPSConnectionPool(host='IC00004IC04172locawebIC04172comIC04172br', port=443): Read timed out. (read timeout=25)",4,7,2026-09-21 10:56:05,,2026-09-21 10:58:53,No Intervention Required,,Team14,IC04857,monitoring.system,Software,Health Check Failure,Application Monitoring,
INC8541630,INC8541630,Problem: Check Application Monitoring,4,7,2026-09-21 10:53:24,,2026-09-21 10:58:51,No Intervention Required,,Team14,IC02447,monitoring.system,Software,Health Check Failure,Application Monitoring,
INC8541629,INC8541629,Problem: Check Application Monitoring,4,7,2026-09-21 10:52:07,,2026-09-21 10:56:29,No Intervention Required,,Team14,IC02448,monitoring.system,Software,Monitoring Alert,Application Monitoring,
INC8541628,INC8541628,Problem: Check Application Monitoring,4,7,2026-09-21 10:51:00,,2026-09-21 11:15:18,No Intervention Required,,Team14,IC00367,monitoring.system,Software,Monitoring Alert,Application Monitoring,
INC8541627,INC8541627,Problem: Check Application Monitoring,4,7,2026-09-21 10:49:59,,2026-09-21 10:50:36,No Intervention Required,,Team14,IC00014,monitoring.system,Software,Health Check Failure,Application Monitoring,
INC8541626,INC8541626,Problem: Check Application Monitoring,4,7,2026-09-21 10:46:33,,2026-09-21 10:47:07,No Intervention Required,,Team14,IC00068,monitoring.system,Software,Health Check Failure,Application Monitoring,
INC8541625,INC8541625,Problem: Check Apache on port 443,3,7,2026-09-21 10:45:15,,2026-09-21 11:09:34,No Intervention Required,,Team14,IC02760,monitoring.system,Software,Monitoring Alert,Application Monitoring,
INC8541624,INC8541624,Problem: Check: Nginx Type: tcp on Port: 80 Not Running,2,7,2026-09-21 10:44:50,,2026-09-21 10:52:55,No Intervention Required,,Team14,IC00121,monitoring.system,Hardware,RAID/Storage Failure,Cloud Servers,
INC8541623,INC8541623,Problem: Check Application Monitoring,4,7,2026-09-21 10:43:03,,2026-09-21 10:48:21,No Intervention Required,,Team14,IC02761,monitoring.system,Software,Monitoring Alert,Application Monitoring,
INC8541622,INC8541622,Problem: Error Backup Inc Bacula,3,7,2026-09-21 10:42:50,,2026-09-21 11:10:10,No Intervention Required,,Team14,IC04185,monitoring.system,Software,Backup Job Failure,Backup Service,
INC8541621,INC8541621,Problem: IC06745 - IC01442 - Servers with Hypervisor error: 130851,4,7,2026-09-21 10:42:31,,2026-09-21 10:52:37,No Intervention Required,,Team14,IC04860,monitoring.system,Software,General Support,Shared Hosting,
INC8541620,INC8541620,Problem: Check Application Monitoring VIP,4,7,2026-09-21 10:41:56,,2026-09-21 10:42:35,No Intervention Required,,Team14,IC00019,monitoring.system,Software,Health Check Failure,Application Monitoring,
INC8541619,INC8541619,Problem: Check Application Monitoring,4,7,2026-09-21 10:40:47,,2026-09-21 11:06:05,No Intervention Required,,Team14,IC02760,monitoring.system,Software,Monitoring Alert,Application Monitoring,
INC8541618,INC8541618,Problem: Pool: /Common/xpl_lw-criador-de-sites-api_https has backends off,4,7,2026-09-21 10:40:14,,2026-09-21 11:04:55,No Intervention Required,,Team14,,monitoring.system,Software,General Support,Shared Hosting,
INC8541616,INC8541616,Problem: Check Application Monitoring,4,7,2026-09-21 10:36:18,,2026-09-21 10:36:55,No Intervention Required,,Team14,IC02448,monitoring.system,Software,Monitoring Alert,Application Monitoring,
INC8541615,INC8541615,Problem: Apache Busy Workers,3,7,2026-09-21 10:32:03,,2026-09-21 10:41:58,No Intervention Required,,Team14,IC00121,monitoring.system,Hardware,RAID/Storage Failure,Cloud Servers,
INC8541614,INC8541614,Problem: Check Application Monitoring,4,7,2026-09-21 10:30:31,,2026-09-21 10:31:07,No Intervention Required,,Team14,IC00559,monitoring.system,Software,Monitoring Alert,Application Monitoring,
INC8541613,INC8541613,Problem: Check Application Monitoring,4,7,2026-09-21 10:28:16,,2026-09-21 10:28:52,No Intervention Required,,Team14,IC02447,monitoring.system,Software,Health Check Failure,Application Monitoring,
INC8541611,INC8541611,Problem: Check: Nginx Type: tcp on Port: 80 Not Running,2,7,2026-09-21 10:26:30,2026-09-21 10:27:04,2026-09-21 10:29:37,Security Failure,,Team14,IC00174,monitoring.system,Hardware,CPU/Memory Threshold,Cloud Servers,INC8541605
INC8541610,INC8541610,Problem: Check: Nginx Type: tcp on Port: 443 Not Running,2,7,2026-09-21 10:26:28,2026-09-21 10:27:03,2026-09-21 10:29:33,Security Failure,,Team14,IC00174,monitoring.system,Hardware,CPU/Memory Threshold,Cloud Servers,INC8541605
INC8541608,INC8541608,Problem: Check Application Monitoring,4,7,2026-09-21 10:20:19,,2026-09-21 10:20:52,No Intervention Required,,Team14,IC00014,monitoring.system,Software,Health Check Failure,Application Monitoring,
INC8541607,INC8541607,Problem: Check Application Monitoring,4,7,2026-09-21 10:20:17,,2026-09-21 10:20:50,No Intervention Required,,Team14,IC00367,monitoring.system,Software,Monitoring Alert,Application Monitoring,
INC8541606,INC8541606,Problem: Check Application Monitoring,4,7,2026-09-21 10:17:57,,2026-09-21 10:27:55,No Intervention Required,,Team14,IC02761,monitoring.system,Software,Monitoring Alert,Application Monitoring,
INC8541605,INC8541605,IC00174 | Acesso web indiponível/intermitente,2,7,2026-09-21 10:12:40,2026-09-21 10:26:13,2026-09-21 10:51:17,Security Failure,Contorno,Team14,IC00638,itsm.operator,Software,General Support,Shared Hosting,
INC8541604,INC8541604,Problem: Check Application Monitoring,4,7,2026-09-21 10:10:05,,2026-09-21 10:10:32,No Intervention Required,,Team14,IC00014,monitoring.system,Software,Health Check Failure,Application Monitoring,
INC8541603,INC8541603,Problem: Check Application Monitoring,4,7,2026-09-21 10:06:35,,2026-09-21 10:07:13,No Intervention Required,,Team14,IC00007,monitoring.system,Software,Health Check Failure,Application Monitoring,
INC8541602,INC8541602,Problem: IC06745 - IC01442 - Servers with Hypervisor error: 130851,4,7,2026-09-21 10:02:28,,2026-09-21 10:27:28,No Intervention Required,,Team14,IC04860,monitoring.system,Software,General Support,Shared Hosting,
INC8541601,INC8541601,"Problem: Alarm Application Monitoring feeds Message: HTTPSConnectionPool(host='IC00004IC04172locawebIC04172comIC04172br', port=443): Read timed out. (read timeout=25)",4,7,2026-09-21 10:01:52,,2026-09-21 10:31:16,No Intervention Required,,Team14,IC04857,monitoring.system,Software,Health Check Failure,Application Monitoring,
INC8541600,INC8541600,Problem: Check Application Monitoring,4,7,2026-09-21 10:00:40,,2026-09-21 10:10:35,No Intervention Required,,Team14,IC00367,monitoring.system,Software,Monitoring Alert,Application Monitoring,
INC8541599,INC8541599,Problem: Check Application Monitoring,4,7,2026-09-21 09:58:27,,2026-09-21 10:03:43,No Intervention Required,,Team14,IC02761,monitoring.system,Software,Monitoring Alert,Application Monitoring,
INC8541598,INC8541598,Problem: Check Application Monitoring,4,7,2026-09-21 09:58:24,,2026-09-21 10:13:59,No Intervention Required,,Team14,IC02447,monitoring.system,Software,Health Check Failure,Application Monitoring,
INC8541597,INC8541597,Problem: Check Application Monitoring VIP,4,7,2026-09-21 09:57:17,,2026-09-21 10:02:34,No Intervention Required,,Team14,IC00019,monitoring.system,Software,Health Check Failure,Application Monitoring,
INC8541596,INC8541596,Problem: Apache Busy Workers,3,7,2026-09-21 09:56:54,,2026-09-21 10:02:05,No Intervention Required,,Team14,IC00041,monitoring.system,Hardware,Disk/Swap Space,Cloud Servers,
INC8541594,INC8541594,Problem: Interface Ethernet1/27: High bandwidth usage >85%,3,7,2026-09-21 09:52:16,,2026-09-21 09:55:15,No Intervention Required,,Team12,IC02990,monitoring.system,Network,Connectivity Loss,Network,
INC8541593,INC8541593,Problem: Interface Gi0/50: High bandwidth usage >85%,3,7,2026-09-21 09:51:28,,2026-09-21 09:55:37,No Intervention Required,,Team12,IC02989,monitoring.system,Network,Interface Flap,Network,
INC8541590,INC8541590,Problem: Check Application Monitoring,4,7,2026-09-21 09:47:56,,2026-09-21 09:48:43,No Intervention Required,,Team14,IC02761,monitoring.system,Software,Monitoring Alert,Application Monitoring,
INC8541588,INC8541588,Problem: Interface Ethernet1/17: High bandwidth usage >85%,3,7,2026-09-21 09:43:52,,2026-09-21 09:45:58,No Intervention Required,,Team12,IC02991,monitoring.system,Network,High Latency,Network,
INC8541587,INC8541587,Problem: Interface Gi0/51: High bandwidth usage >85%,3,7,2026-09-21 09:43:19,,2026-09-21 09:45:15,No Intervention Required,,Team12,IC02989,monitoring.system,Network,Interface Flap,Network,
INC8541586,INC8541586,Problem: Check Application Monitoring,4,7,2026-09-21 09:38:46,,2026-09-21 09:48:50,No Intervention Required,,Team14,IC02447,monitoring.system,Software,Health Check Failure,Application Monitoring,
INC8541585,INC8541585,Problem: Error Backup Full Bacula,3,7,2026-09-21 09:37:54,,2026-09-21 09:50:36,No Intervention Required,,Team14,IC05751,monitoring.system,Software,Backup Job Failure,Backup Service,INC8541576
INC8541584,INC8541584,Problem: Error Backup Full Bacula,3,7,2026-09-21 09:37:52,,2026-09-21 09:50:36,No Intervention Required,,Team14,IC00541,monitoring.system,Network,Connectivity Loss,Network,INC8541576
INC8541583,INC8541583,Problem: Error Backup Full Bacula,3,7,2026-09-21 09:37:51,,2026-09-21 09:50:37,No Intervention Required,,Team14,IC00513,monitoring.system,Network,High Latency,Network,INC8541576
INC8541582,INC8541582,Problem: Error Backup Full Bacula,3,7,2026-09-21 09:36:58,,2026-09-21 09:50:37,No Intervention Required,,Team14,IC00477,monitoring.system,Software,Backup Job Failure,Backup Service,INC8541576
INC8541581,INC8541581,Problem: Error Backup Full Bacula,3,7,2026-09-21 09:36:56,,2026-09-21 09:50:37,No Intervention Required,,Team14,IC00592,monitoring.system,Network,Connectivity Loss,Network,INC8541576
INC8541580,INC8541580,Problem: Error Backup Full Bacula,3,7,2026-09-21 09:36:55,,2026-09-21 09:50:38,No Intervention Required,,Team14,IC05752,monitoring.system,Software,Backup Job Failure,Backup Service,INC8541576
INC8541579,INC8541579,Problem: Error Backup Full Bacula,3,7,2026-09-21 09:36:53,,2026-09-21 09:50:38,No Intervention Required,,Team14,IC00478,monitoring.system,Software,Backup Job Failure,Backup Service,INC8541576
INC8541578,INC8541578,Problem: Error Backup Full Bacula,3,7,2026-09-21 09:36:51,,2026-09-21 09:50:38,No Intervention Required,,Team14,IC00480,monitoring.system,Software,Backup Job Failure,Backup Service,INC8541576
INC8541577,INC8541577,Problem: Error Backup Full Bacula,3,7,2026-09-21 09:36:50,,2026-09-21 09:50:38,No Intervention Required,,Team14,IC00479,monitoring.system,Software,Backup Job Failure,Backup Service,INC8541576
INC8541576,INC8541576,Problem: Error Backup Full Bacula,3,7,2026-09-21 09:36:48,,2026-09-21 09:50:36,No Intervention Required,,Team14,IC05753,monitoring.system,Software,Backup Job Failure,Backup Service,
INC8541575,INC8541575,Problem: Check Application Monitoring,4,7,2026-09-21 09:34:13,,2026-09-21 09:38:18,No Intervention Required,,Team14,IC02761,monitoring.system,Software,Monitoring Alert,Application Monitoring,
INC8541574,INC8541574,Problem: Check Application Monitoring,4,7,2026-09-21 09:30:09,,2026-09-21 09:34:57,No Intervention Required,,Team14,IC00014,monitoring.system,Software,Health Check Failure,Application Monitoring,
INC8541573,INC8541573,Problem: Check Application Monitoring,4,7,2026-09-21 09:30:07,,2026-09-21 09:30:14,No Intervention Required,,Team14,IC00032,monitoring.system,Software,Health Check Failure,Application Monitoring,
INC8541572,INC8541572,Problem: Check Application Monitoring,4,7,2026-09-21 09:29:13,,2026-09-21 09:29:15,No Intervention Required,,Team14,IC00002,monitoring.system,Software,Health Check Failure,Application Monitoring,
INC8541571,INC8541571,Problem: Check Application Monitoring VIP,4,7,2026-09-21 09:21:56,,2026-09-21 09:22:32,No Intervention Required,,Team14,IC00019,monitoring.system,Software,Health Check Failure,Application Monitoring,
INC8541570,INC8541570,"Problem: Alarm Application Monitoring feeds Message: HTTPSConnectionPool(host='IC00004IC04172locawebIC04172comIC04172br', port=443): Read timed out. (read timeout=25)",4,7,2026-09-21 09:20:09,,2026-09-21 09:27:28,No Intervention Required,,Team14,IC04857,monitoring.system,Software,Health Check Failure,Application Monitoring,
INC8541569,INC8541569,Problem: Apache Busy Workers,3,7,2026-09-21 09:14:14,,2026-09-21 09:38:53,No Intervention Required,,Team14,IC01698,monitoring.system,Hardware,Hypervisor Failure,Cloud Servers,
INC8541568,INC8541568,Problem: Check Application Monitoring,4,7,2026-09-21 09:12:31,,2026-09-21 09:16:59,No Intervention Required,,Team14,IC00019,monitoring.system,Software,Health Check Failure,Application Monitoring,
INC8541567,INC8541567,Problem: Check Application Monitoring,4,7,2026-09-21 09:11:31,,2026-09-21 09:16:56,No Intervention Required,,Team14,IC02448,monitoring.system,Software,Monitoring Alert,Application Monitoring,
INC8541566,INC8541566,Problem: Check Application Monitoring,4,7,2026-09-21 09:10:23,,2026-09-21 09:35:57,No Intervention Required,,Team14,IC00367,monitoring.system,Software,Monitoring Alert,Application Monitoring,
INC8541565,INC8541565,Problem: Check Application Monitoring,4,7,2026-09-21 09:08:11,,2026-09-21 09:08:41,No Intervention Required,,Team14,IC00002,monitoring.system,Software,Health Check Failure,Application Monitoring,
INC8541564,INC8541564,Problem: Check Application Monitoring,4,7,2026-09-21 09:05:50,,2026-09-21 09:06:24,No Intervention Required,,Team14,IC01984,monitoring.system,Software,Monitoring Alert,Application Monitoring,
INC8541563,INC8541563,Problem: Check Application Monitoring,4,7,2026-09-21 09:03:31,,2026-09-21 09:19:05,No Intervention Required,,Team14,IC02447,monitoring.system,Software,Health Check Failure,Application Monitoring,
INC8541562,INC8541562,Problem: IC06745 - IC01442 - Servers with Hypervisor error: 130851,4,7,2026-09-21 09:02:35,,2026-09-21 09:27:25,No Intervention Required,,Team14,IC04860,monitoring.system,Software,General Support,Shared Hosting,INC8540311
INC8541561,INC8541561,Problem: Check Application Monitoring,4,7,2026-09-21 09:00:09,,2026-09-21 09:00:42,No Intervention Required,,Team14,IC00014,monitoring.system,Software,Health Check Failure,Application Monitoring,
INC8541560,INC8541560,Problem: Check Application Monitoring,4,7,2026-09-21 08:56:45,,2026-09-21 08:57:14,No Intervention Required,,Team14,IC00209,monitoring.system,Software,Monitoring Alert,Application Monitoring,
INC8541559,INC8541559,Problem: Check Application Monitoring,4,7,2026-09-21 08:50:56,,2026-09-21 08:55:11,No Intervention Required,,Team14,IC00367,monitoring.system,Software,Monitoring Alert,Application Monitoring,
INC8541558,INC8541558,Problem: Check Application Monitoring,4,7,2026-09-21 08:49:57,,2026-09-21 08:50:31,No Intervention Required,,Team14,IC00014,monitoring.system,Software,Health Check Failure,Application Monitoring,
INC8541557,INC8541557,Problem: Error Backup Full Bacula,3,7,2026-09-21 08:48:50,2026-09-21 09:13:06,,Application Failure,Contorno,Team14,IC00264,monitoring.system,Hardware,Hypervisor Failure,Cloud Servers,
INC8541556,INC8541556,Problem: Check Application Monitoring,4,7,2026-09-21 08:48:43,,2026-09-21 08:53:54,No Intervention Required,,Team14,IC02447,monitoring.system,Software,Health Check Failure,Application Monitoring,
INC8541552,INC8541552,Problem: IC06745 - IC01442 - Servers with Hypervisor error: 130851,4,7,2026-09-21 08:42:23,,2026-09-21 08:52:32,No Intervention Required,,Team14,IC04860,monitoring.system,Software,General Support,Shared Hosting,INC8540311
INC8541550,INC8541550,Problem: Check Application Monitoring,4,7,2026-09-21 08:38:22,,2026-09-21 08:38:50,No Intervention Required,,Team14,IC00002,monitoring.system,Software,Health Check Failure,Application Monitoring,
INC8541549,INC8541549,Problem: Check Application Monitoring,4,7,2026-09-21 08:37:04,,2026-09-21 08:41:22,No Intervention Required,,Team14,IC02448,monitoring.system,Software,Monitoring Alert,Application Monitoring,
INC8541548,INC8541548,Problem: Check Application Monitoring,4,7,2026-09-21 08:35:56,,2026-09-21 08:40:07,No Intervention Required,,Team14,IC00367,monitoring.system,Software,Monitoring Alert,Application Monitoring,
INC8541547,INC8541547,Problem: Check Application Monitoring,4,7,2026-09-21 08:33:39,,2026-09-21 08:37:49,No Intervention Required,,Team14,IC02761,monitoring.system,Software,Monitoring Alert,Application Monitoring,
INC8541545,INC8541545,Problem: Apache Busy Workers,3,7,2026-09-21 08:29:53,,2026-09-21 08:30:31,No Intervention Required,,Team14,IC00029,monitoring.system,Software,General Support,Shared Hosting,
INC8541544,INC8541544,Problem: Check Application Monitoring,4,7,2026-09-21 08:28:04,,2026-09-21 08:28:41,No Intervention Required,,Team14,IC00002,monitoring.system,Software,Health Check Failure,Application Monitoring,
INC8541543,INC8541543,Problem: Check Application Monitoring,4,7,2026-09-21 08:23:32,,2026-09-21 08:24:06,No Intervention Required,,Team14,IC02447,monitoring.system,Software,Health Check Failure,Application Monitoring,
INC8541542,INC8541542,Problem: Check Application Monitoring,4,7,2026-09-21 08:20:07,,2026-09-21 08:20:43,No Intervention Required,,Team14,IC00014,monitoring.system,Software,Health Check Failure,Application Monitoring,
INC8541541,INC8541541,Problem: Check Application Monitoring,4,7,2026-09-21 08:20:05,,2026-09-21 08:20:41,No Intervention Required,,Team14,IC00032,monitoring.system,Software,Health Check Failure,Application Monitoring,
INC8541539,INC8541539,"Problem: Alarm Application Monitoring feeds Message: HTTPSConnectionPool(host='IC00004IC04172locawebIC04172comIC04172br', port=443): Read timed out. (read timeout=25)",4,7,2026-09-21 08:16:02,,2026-09-21 08:19:31,No Intervention Required,,Team14,IC04857,monitoring.system,Software,Health Check Failure,Application Monitoring,
INC8541538,INC8541538,Problem: Check Application Monitoring,4,7,2026-09-21 08:15:25,,2026-09-21 08:25:23,No Intervention Required,,Team14,IC00367,monitoring.system,Software,Monitoring Alert,Application Monitoring,
INC8541537,INC8541537,Problem: Check Application Monitoring,4,7,2026-09-21 08:13:08,,2026-09-21 08:23:07,No Intervention Required,,Team14,IC02761,monitoring.system,Software,Monitoring Alert,Application Monitoring,
INC8541536,INC8541536,Problem: Check Application Monitoring,4,7,2026-09-21 08:01:32,,2026-09-21 08:07:04,No Intervention Required,,Team14,IC02448,monitoring.system,Software,Monitoring Alert,Application Monitoring,
INC8541535,INC8541535,Problem: Check Application Monitoring,4,7,2026-09-21 08:00:24,,2026-09-21 08:10:24,No Intervention Required,,Team14,IC00014,monitoring.system,Software,Health Check Failure,Application Monitoring,
INC8541534,INC8541534,Problem: Check Application Monitoring,4,7,2026-09-21 07:59:09,,2026-09-21 08:13:53,No Intervention Required,,Team14,IC02447,monitoring.system,Software,Health Check Failure,Application Monitoring,
INC8541533,INC8541533,Problem: Check Application Monitoring,4,7,2026-09-21 07:58:11,,2026-09-21 07:58:47,No Intervention Required,,Team14,IC00002,monitoring.system,Software,Health Check Failure,Application Monitoring,
INC8541532,INC8541532,Problem: Check Application Monitoring,4,7,2026-09-21 07:58:09,,2026-09-21 07:58:45,No Intervention Required,,Team14,IC02761,monitoring.system,Software,Monitoring Alert,Application Monitoring,
INC8541530,INC8541530,Problem: IC06745 - IC01442 - Servers with Hypervisor error: 130851,4,7,2026-09-21 07:57:21,,2026-09-21 08:32:23,No Intervention Required,,Team14,IC04860,monitoring.system,Software,General Support,Shared Hosting,INC8540311
INC8541528,INC8541528,Problem: Check PostgreSQL Replication Slave,4,7,2026-09-21 07:55:29,,2026-09-21 07:59:21,No Intervention Required,,Team14,IC00764,monitoring.system,Software,Database Service Down,Database Hosting,
INC8541527,INC8541527,Problem: Check Application Monitoring,4,7,2026-09-21 07:50:06,,2026-09-21 07:50:39,No Intervention Required,,Team14,IC00014,monitoring.system,Software,Health Check Failure,Application Monitoring,
INC8541524,INC8541524,Problem: IC06745 - IC01442 - Servers with Hypervisor error: 130851,4,7,2026-09-21 07:42:24,,2026-09-21 07:47:25,No Intervention Required,,Team14,IC04860,monitoring.system,Software,General Support,Shared Hosting,
INC8541521,INC8541521,Problem: Check PostgreSQL Replication Slave,4,7,2026-09-21 07:39:51,,2026-09-21 07:42:39,No Intervention Required,,Team14,IC00764,monitoring.system,Software,Database Service Down,Database Hosting,
INC8541520,INC8541520,Problem: Check Application Monitoring,4,7,2026-09-21 07:38:15,,2026-09-21 07:48:18,No Intervention Required,,Team14,IC02761,monitoring.system,Software,Monitoring Alert,Application Monitoring,
INC8541519,INC8541519,Problem: Processor load is too high > 20%,4,7,2026-09-21 07:34:40,,2026-09-21 07:38:32,No Intervention Required,,Team14,IC00719,monitoring.system,Hardware,CPU/Memory Threshold,Cloud Servers,
INC8541517,INC8541517,Problem: CPU Used in %,4,7,2026-09-21 07:27:48,,2026-09-21 07:37:43,No Intervention Required,,Team14,IC00100,monitoring.system,Hardware,CPU/Memory Threshold,Cloud Servers,
INC8541516,INC8541516,Problem: CPU Used in %,4,7,2026-09-21 07:27:46,,2026-09-21 07:37:46,No Intervention Required,,Team14,IC00100,monitoring.system,Hardware,CPU/Memory Threshold,Cloud Servers,
INC8541515,INC8541515,Problem: Check Application Monitoring,4,7,2026-09-21 07:25:33,,2026-09-21 07:26:14,No Intervention Required,,Team14,IC00367,monitoring.system,Software,Monitoring Alert,Application Monitoring,
INC8541514,INC8541514,Problem: Check Application Monitoring,4,7,2026-09-21 07:23:21,,2026-09-21 07:28:34,No Intervention Required,,Team14,IC02761,monitoring.system,Software,Monitoring Alert,Application Monitoring,
INC8541513,INC8541513,Problem: Check Application Monitoring,4,7,2026-09-21 07:23:19,,2026-09-21 07:28:37,No Intervention Required,,Team14,IC02447,monitoring.system,Software,Health Check Failure,Application Monitoring,
INC8541512,INC8541512,Problem: IC07174 agent on IC00993 is unreachable for 10 minutes,3,7,2026-09-21 07:20:52,,2026-09-21 07:42:32,No Intervention Required,,Team14,IC00993,monitoring.system,Software,General Support,Shared Hosting,
INC8541510,INC8541510,Problem: IC06745 - IC01442 - Activation fail: ID: 101842,4,7,2026-09-21 07:12:36,,2026-09-21 07:28:49,No Intervention Required,,Team14,IC04860,monitoring.system,Software,General Support,Shared Hosting,
INC8541509,INC8541509,Problem: Check PostgreSQL Replication Slave,4,7,2026-09-21 07:11:22,,2026-09-21 07:31:18,No Intervention Required,,Team14,IC00764,monitoring.system,Software,Database Service Down,Database Hosting,
INC8541508,INC8541508,Problem: IC06745 - IC01442 - Installation fail: ID: 174141,4,7,2026-09-21 07:11:07,,2026-09-21 07:18:08,No Intervention Required,,Team14,IC04860,monitoring.system,Software,General Support,Shared Hosting,
INC8541507,INC8541507,Problem: Check PostgreSQL Replication Master,4,7,2026-09-21 07:08:58,,2026-09-21 07:30:17,No Intervention Required,,Team14,IC00316,monitoring.system,Software,Replication Failure,Database Hosting,
INC8541506,INC8541506,Problem: Disk I/O is overloaded on IC00165,4,7,2026-09-21 07:06:59,,2026-09-21 09:33:48,No Intervention Required,,Team14,IC00165,monitoring.system,Software,General Support,Shared Hosting,
INC8541505,INC8541505,"Problem: Alarm Application Monitoring feeds Message: HTTPSConnectionPool(host='IC00004IC04172locawebIC04172comIC04172br', port=443): Read timed out. (read timeout=25)",4,7,2026-09-21 07:06:01,,2026-09-21 07:57:32,No Intervention Required,,Team14,IC04857,monitoring.system,Software,Health Check Failure,Application Monitoring,
INC8541504,INC8541504,Problem: IOwait grown up CPU queue,4,7,2026-09-21 07:05:49,,2026-09-21 07:41:17,No Intervention Required,,Team14,IC00161,monitoring.system,Network,Interface Flap,Network,
INC8541503,INC8541503,Problem: Disk I/O is overloaded on IC00161,4,7,2026-09-21 07:03:30,,2026-09-21 07:07:37,No Intervention Required,,Team14,IC00161,monitoring.system,Network,Interface Flap,Network,
INC8541500,INC8541500,Problem: Check java on Port 7000 is Down,3,7,2026-09-21 07:01:15,,2026-09-21 18:49:25,No Intervention Required,,Team05,IC03855,monitoring.system,Network,Connectivity Loss,Network,
INC8541497,INC8541497,Problem: Check Application Monitoring,4,7,2026-09-21 06:55:07,,2026-09-21 06:55:11,No Intervention Required,,Team14,IC00032,monitoring.system,Software,Health Check Failure,Application Monitoring,
INC8541496,INC8541496,Problem: Check Application Monitoring,4,7,2026-09-21 06:51:23,,2026-09-21 07:01:56,No Intervention Required,,Team14,IC02448,monitoring.system,Software,Monitoring Alert,Application Monitoring,
INC8541495,INC8541495,Problem: Check Application Monitoring,4,7,2026-09-21 06:50:14,,2026-09-21 07:20:33,No Intervention Required,,Team14,IC00014,monitoring.system,Software,Health Check Failure,Application Monitoring,
INC8541493,INC8541493,Problem: IC06745 - IC01442 - Servers with Hypervisor error: 130851,4,7,2026-09-21 06:47:32,,2026-09-21 07:32:15,No Intervention Required,,Team14,IC04860,monitoring.system,Software,General Support,Shared Hosting,INC8540311
INC8541492,INC8541492,Problem: Check Service mailchannels-cassandra not running,3,7,2026-09-21 06:45:27,,2026-09-21 06:47:30,No Intervention Required,,Team05,IC03855,monitoring.system,Network,Connectivity Loss,Network,
INC8541491,INC8541491,Problem: Check java on Port 7000 is Down,3,7,2026-09-21 06:45:15,,2026-09-21 06:47:14,No Intervention Required,,Team05,IC03855,monitoring.system,Network,Connectivity Loss,Network,
INC8541490,INC8541490,Problem: Check Application Monitoring,4,7,2026-09-21 06:43:28,,2026-09-21 06:44:00,No Intervention Required,,Team14,IC02447,monitoring.system,Software,Health Check Failure,Application Monitoring,
INC8541489,INC8541489,Problem: Check Application Monitoring,4,7,2026-09-21 06:43:26,,2026-09-21 06:48:45,No Intervention Required,,Team14,IC02761,monitoring.system,Software,Monitoring Alert,Application Monitoring,
INC8541487,INC8541487,Problem: Check Application Monitoring,4,7,2026-09-21 06:36:22,,2026-09-21 06:41:40,No Intervention Required,,Team14,IC01984,monitoring.system,Software,Monitoring Alert,Application Monitoring,
INC8541486,INC8541486,Problem: Check Application Monitoring,4,7,2026-09-21 06:35:24,,2026-09-21 06:36:01,No Intervention Required,,Team14,IC00559,monitoring.system,Software,Monitoring Alert,Application Monitoring,
INC8541485,INC8541485,Problem: Disk I/O is overloaded on IC00547,4,7,2026-09-21 06:34:08,,2026-09-21 06:34:57,No Intervention Required,,Team14,IC00547,monitoring.system,Software,General Support,Shared Hosting,
INC8541484,INC8541484,Problem: Check Application Monitoring VIP,4,7,2026-09-21 06:31:53,,2026-09-21 06:32:32,No Intervention Required,,Team14,IC00008,monitoring.system,Software,Monitoring Alert,Application Monitoring,
INC8541483,INC8541483,Problem: Disk I/O is overloaded on IC00436,4,7,2026-09-21 06:31:52,,2026-09-21 06:32:33,No Intervention Required,,Team14,IC00436,monitoring.system,Software,Health Check Failure,Application Monitoring,
INC8541474,INC8541474,Problem: Check Application Monitoring,4,7,2026-09-21 06:30:45,,2026-09-21 06:40:37,No Intervention Required,,Team14,IC00014,monitoring.system,Software,Health Check Failure,Application Monitoring,
INC8541462,INC8541462,Problem: Apache Busy Workers,3,7,2026-09-21 06:29:50,,2026-09-21 06:30:43,No Intervention Required,,Team14,IC00716,monitoring.system,Hardware,CPU/Memory Threshold,Cloud Servers,
INC8541450,INC8541450,Problem: Check Application Monitoring,4,7,2026-09-21 06:28:27,,2026-09-21 06:29:07,No Intervention Required,,Team14,IC02447,monitoring.system,Software,Health Check Failure,Application Monitoring,
INC8541446,INC8541446,Problem: IC06745 - IC01442 - Activation fail: ID: 101842,4,7,2026-09-21 06:27:28,,2026-09-21 06:37:31,No Intervention Required,,Team14,IC04860,monitoring.system,Software,General Support,Shared Hosting,
INC8541444,INC8541444,Problem: Check Application Monitoring,4,7,2026-09-21 06:27:19,,2026-09-21 06:32:39,No Intervention Required,,Team14,IC00019,monitoring.system,Software,Health Check Failure,Application Monitoring,
INC8541442,INC8541442,Problem: Check Application Monitoring,4,7,2026-09-21 06:26:00,,2026-09-21 06:30:21,No Intervention Required,,Team14,IC00367,monitoring.system,Software,Monitoring Alert,Application Monitoring,
INC8541432,INC8541432,Problem: Check Service mailchannels-cassandra not running,3,7,2026-09-21 06:24:26,,2026-09-21 06:25:21,No Intervention Required,,Team05,IC03855,monitoring.system,Network,Connectivity Loss,Network,
INC8541429,INC8541429,Problem: Check java on Port 7000 is Down,3,7,2026-09-21 06:24:14,2026-09-21 06:29:49,,Application Failure,Contorno,Team05,IC03855,monitoring.system,Network,Connectivity Loss,Network,
INC8541419,INC8541419,Problem: Check Application Monitoring,4,7,2026-09-21 06:18:09,,2026-09-21 06:18:46,No Intervention Required,,Team14,IC02761,monitoring.system,Software,Monitoring Alert,Application Monitoring,
INC8541417,INC8541417,"Problem: Alarm Application Monitoring feeds Message: HTTPSConnectionPool(host='IC00004IC04172locawebIC04172comIC04172br', port=443): Read timed out. (read timeout=25)",4,7,2026-09-21 06:16:02,,2026-09-21 06:18:56,No Intervention Required,,Team14,IC04857,monitoring.system,Software,Health Check Failure,Application Monitoring,
INC8541414,INC8541414,Problem: Processor load is too high,4,7,2026-09-21 06:14:01,,2026-09-21 06:59:18,No Intervention Required,,Team14,IC01058,monitoring.system,Hardware,Disk/Swap Space,Cloud Servers,
INC8541413,INC8541413,Problem: IOwait grown up CPU queue,4,7,2026-09-21 06:13:32,,2026-09-21 06:40:42,No Intervention Required,,Team14,IC00129,monitoring.system,Hardware,CPU/Memory Threshold,Cloud Servers,
INC8541412,INC8541412,Problem: Check Service mailchannels-cassandra not running,3,7,2026-09-21 06:11:21,2026-09-21 06:15:39,,Application Failure,Definitiva,Team05,IC03855,monitoring.system,Network,Connectivity Loss,Network,INC8541411
INC8541411,INC8541411,Problem: Check java on Port 7000 is Down,3,7,2026-09-21 06:11:19,2026-09-21 06:15:01,,Application Failure,Definitiva,Team05,IC03855,monitoring.system,Network,Connectivity Loss,Network,
INC8541410,INC8541410,Problem: Check Application Monitoring,4,7,2026-09-21 06:10:09,,2026-09-21 06:10:45,No Intervention Required,,Team14,IC00014,monitoring.system,Software,Health Check Failure,Application Monitoring,
INC8541407,INC8541407,Problem: Disk I/O is overloaded on IC00129,4,7,2026-09-21 06:08:52,,2026-09-21 06:31:22,No Intervention Required,,Team14,IC00129,monitoring.system,Hardware,CPU/Memory Threshold,Cloud Servers,
INC8541406,INC8541406,Problem: Check Application Monitoring,4,7,2026-09-21 06:08:49,,2026-09-21 06:18:53,No Intervention Required,,Team14,IC02447,monitoring.system,Software,Health Check Failure,Application Monitoring,
INC8541403,INC8541403,Problem: Check Application Monitoring,4,7,2026-09-21 06:02:52,,2026-09-21 06:03:34,No Intervention Required,,Team14,IC02761,monitoring.system,Software,Monitoring Alert,Application Monitoring,
INC8541402,INC8541402,Problem: Check Application Monitoring VIP,4,7,2026-09-21 06:01:45,,2026-09-21 06:02:30,No Intervention Required,,Team14,IC00019,monitoring.system,Software,Health Check Failure,Application Monitoring,
INC8541401,INC8541401,Problem: Check Application Monitoring,4,7,2026-09-21 06:01:43,,2026-09-21 06:37:14,No Intervention Required,,Team14,IC02448,monitoring.system,Software,Monitoring Alert,Application Monitoring,
INC8541400,INC8541400,Problem: Free disk space is less than 30% on volume /,3,7,2026-09-21 06:00:52,,2026-09-21 06:01:50,No Intervention Required,,Team05,IC03550,monitoring.system,Hardware,Disk/Swap Space,Cloud Servers,
INC8541396,INC8541396,Problem: Check Application Monitoring,4,7,2026-09-21 05:48:53,,2026-09-21 05:58:53,No Intervention Required,,Team14,IC02447,monitoring.system,Software,Health Check Failure,Application Monitoring,
INC8541395,INC8541395,Problem: Error Backup Inc Bacula,3,7,2026-09-21 05:48:35,2026-09-21 06:48:13,,Application Failure,Contorno,Team14,IC00941,monitoring.system,Software,Backup Job Failure,Backup Service,
INC8541393,INC8541393,Problem: Check Application Monitoring,4,7,2026-09-21 05:40:51,,2026-09-21 06:00:15,No Intervention Required,,Team14,IC00014,monitoring.system,Software,Health Check Failure,Application Monitoring,
INC8541391,INC8541391,Problem: Check Application Monitoring,4,7,2026-09-21 05:38:33,,2026-09-21 05:42:54,No Intervention Required,,Team14,IC02761,monitoring.system,Software,Monitoring Alert,Application Monitoring,
INC8541390,INC8541390,Problem: Check Application Monitoring,4,7,2026-09-21 05:36:20,,2026-09-21 05:52:05,No Intervention Required,,Team14,IC02448,monitoring.system,Software,Monitoring Alert,Application Monitoring,
INC8541389,INC8541389,Problem: Check Application Monitoring,4,7,2026-09-21 05:35:11,,2026-09-21 05:45:14,No Intervention Required,,Team14,IC00367,monitoring.system,Software,Monitoring Alert,Application Monitoring,
INC8541386,INC8541386,Problem: Check Application Monitoring,4,7,2026-09-21 05:26:37,,2026-09-21 05:27:27,No Intervention Required,,Team14,IC00008,monitoring.system,Software,Monitoring Alert,Application Monitoring,
INC8541384,INC8541384,Problem: Check Application Monitoring,4,7,2026-09-21 05:23:09,,2026-09-21 05:28:45,No Intervention Required,,Team14,IC02761,monitoring.system,Software,Monitoring Alert,Application Monitoring,
INC8541383,INC8541383,Problem: Free disk space is less than 10% on volume /,4,7,2026-09-21 05:23:06,,2026-09-21 07:24:00,No Intervention Required,,Team09,IC02896,monitoring.system,Hardware,Disk/Swap Space,Cloud Servers,
INC8541382,INC8541382,Problem: Check Application Monitoring,4,7,2026-09-21 05:20:55,,2026-09-21 05:21:39,No Intervention Required,,Team14,IC00096,monitoring.system,Software,Monitoring Alert,Application Monitoring,
INC8541381,INC8541381,Problem: Check Application Monitoring,4,7,2026-09-21 05:20:53,,2026-09-21 05:26:25,No Intervention Required,,Team14,IC01984,monitoring.system,Software,Monitoring Alert,Application Monitoring,
INC8541380,INC8541380,Problem: Processor load is too high,4,7,2026-09-21 05:18:56,,2026-09-21 05:27:06,No Intervention Required,,Team14,IC00286,monitoring.system,Software,Service Port Down,Shared Hosting,
INC8541378,INC8541378,Problem: IOwait grown up CPU queue,4,7,2026-09-21 05:17:30,,,No Intervention Required,,Team14,IC00206,monitoring.system,Software,General Support,Shared Hosting,
INC8541377,INC8541377,Problem: Perf Teste Asp - Web Test Fail,2,7,2026-09-21 05:15:52,,2026-09-21 05:27:21,No Intervention Required,,Team14,IC01257,monitoring.system,Software,Application Crash,VPS Hosting,
INC8541376,INC8541376,Problem: Disk I/O is overloaded on IC00206,4,7,2026-09-21 05:09:30,,2026-09-21 05:23:55,No Intervention Required,,Team14,IC00206,monitoring.system,Software,General Support,Shared Hosting,
INC8541374,INC8541374,Problem: Disk I/O is overloaded on IC00438,4,7,2026-09-21 05:08:17,,,No Intervention Required,,Team14,IC00438,monitoring.system,Software,General Support,Shared Hosting,
INC8541373,INC8541373,Problem: Check Application Monitoring,4,7,2026-09-21 05:08:14,,2026-09-21 05:13:37,No Intervention Required,,Team14,IC02761,monitoring.system,Software,Monitoring Alert,Application Monitoring,
INC8541372,INC8541372,Problem: Check Application Monitoring,4,7,2026-09-21 05:05:58,,2026-09-21 05:11:20,No Intervention Required,,Team14,IC01984,monitoring.system,Software,Monitoring Alert,Application Monitoring,
INC8541371,INC8541371,Problem: Check Application Monitoring,4,7,2026-09-21 05:05:47,,2026-09-21 05:20:25,No Intervention Required,,Team14,IC00367,monitoring.system,Software,Monitoring Alert,Application Monitoring,
INC8541370,INC8541370,"Problem: Alarm Application Monitoring feeds Message: HTTPSConnectionPool(host='IC00004IC04172locawebIC04172comIC04172br', port=443): Read timed out. (read timeout=25)",4,7,2026-09-21 05:04:02,,2026-09-21 05:07:45,No Intervention Required,,Team14,IC04857,monitoring.system,Software,Health Check Failure,Application Monitoring,
INC8541369,INC8541369,Problem: IC06745 - IC01442 - Activation fail: ID: 101842,4,7,2026-09-21 05:03:27,,2026-09-21 05:52:34,No Intervention Required,,Team14,IC04860,monitoring.system,Software,General Support,Shared Hosting,
INC8541367,INC8541367,Problem: Check Application Monitoring,4,7,2026-09-21 05:00:09,,2026-09-21 05:00:45,No Intervention Required,,Team14,IC00014,monitoring.system,Software,Health Check Failure,Application Monitoring,
INC8541366,INC8541366,Problem: Check Application Monitoring,4,7,2026-09-21 04:58:54,,2026-09-21 05:18:10,No Intervention Required,,Team14,IC02447,monitoring.system,Software,Health Check Failure,Application Monitoring,
INC8541365,INC8541365,Problem: Check Application Monitoring,4,7,2026-09-21 04:57:51,,2026-09-21 04:58:29,No Intervention Required,,Team14,IC02761,monitoring.system,Software,Monitoring Alert,Application Monitoring,
INC8541364,INC8541364,Problem: Check Application Monitoring,4,7,2026-09-21 04:53:20,,2026-09-21 04:53:54,No Intervention Required,,Team14,IC00262,monitoring.system,Software,Health Check Failure,Application Monitoring,
INC8541362,INC8541362,Problem: Check Application Monitoring,4,7,2026-09-21 04:45:07,,2026-09-21 04:45:57,No Intervention Required,,Team14,IC00367,monitoring.system,Software,Monitoring Alert,Application Monitoring,
INC8541360,INC8541360,Problem: Check Application Monitoring,4,7,2026-09-21 04:41:44,,2026-09-21 04:56:17,No Intervention Required,,Team14,IC02448,monitoring.system,Software,Monitoring Alert,Application Monitoring,
INC8541359,INC8541359,Problem: IC06745 - IC01442 - Installation fail: ID: 174141,4,7,2026-09-21 04:41:22,,2026-09-21 06:15:14,No Intervention Required,,Team14,IC04860,monitoring.system,Software,General Support,Shared Hosting,
INC8541358,INC8541358,Problem: Check Application Monitoring,4,7,2026-09-21 04:40:36,,2026-09-21 04:50:33,No Intervention Required,,Team14,IC00014,monitoring.system,Software,Health Check Failure,Application Monitoring,
INC8541355,INC8541355,Problem: Check Application Monitoring,4,7,2026-09-21 04:33:44,,2026-09-21 04:38:53,No Intervention Required,,Team14,IC02447,monitoring.system,Software,Health Check Failure,Application Monitoring,
INC8541354,INC8541354,Problem: Check Application Monitoring,4,7,2026-09-21 04:32:31,,2026-09-21 04:36:46,No Intervention Required,,Team14,IC00019,monitoring.system,Software,Health Check Failure,Application Monitoring,
INC8541353,INC8541353,"Problem: Alarm Application Monitoring feeds Message: HTTPSConnectionPool(host='IC00004IC04172locawebIC04172comIC04172br', port=443): Read timed out. (read timeout=25)",4,7,2026-09-21 04:32:02,,2026-09-21 04:52:51,No Intervention Required,,Team14,IC04857,monitoring.system,Software,Health Check Failure,Application Monitoring,
INC8541345,INC8541345,Problem: IOwait grown up CPU queue,4,7,2026-09-21 04:28:54,,,No Intervention Required,,Team14,IC00165,monitoring.system,Software,General Support,Shared Hosting,
INC8541344,INC8541344,Problem: Check Application Monitoring,4,7,2026-09-21 04:28:45,,2026-09-21 04:33:21,No Intervention Required,,Team14,IC02761,monitoring.system,Software,Monitoring Alert,Application Monitoring,
INC8541343,INC8541343,Problem: Check PostgreSQL Replication Master,4,7,2026-09-21 04:25:33,,2026-09-21 04:48:48,No Intervention Required,,Team14,IC00316,monitoring.system,Software,Replication Failure,Database Hosting,
INC8541339,INC8541339,Problem: Check Port Jboss-SPG Not Running on 22,4,7,2026-09-21 04:24:27,,2026-09-21 04:25:27,No Intervention Required,,Team14,IC02020,monitoring.system,Software,Certificate/TLS Issue,Shared Hosting,
INC8541338,INC8541338,Problem: Disk I/O is overloaded on IC00165,4,7,2026-09-21 04:21:23,,,No Intervention Required,,Team14,IC00165,monitoring.system,Software,General Support,Shared Hosting,
INC8541337,INC8541337,Problem: IC07174 agent on IC00950 is unreachable for 10 minutes,4,7,2026-09-21 04:20:38,,2026-09-21 05:32:06,No Intervention Required,,Team14,IC00950,monitoring.system,Software,General Support,Shared Hosting,
INC8541336,INC8541336,Problem: Check Application Monitoring,4,7,2026-09-21 04:20:21,,2026-09-21 04:30:58,No Intervention Required,,Team14,IC00367,monitoring.system,Software,Monitoring Alert,Application Monitoring,
INC8541335,INC8541335,Problem: Memory Free is less then 10%,4,7,2026-09-21 04:19:00,,2026-09-21 04:23:34,No Intervention Required,,Team14,IC01192,monitoring.system,Hardware,Hypervisor Failure,Cloud Servers,
INC8541334,INC8541334,Problem: IC07174 agent on IC00908 is unreachable for 10 minutes,4,7,2026-09-21 04:17:42,,2026-09-21 05:31:03,No Intervention Required,,Team14,IC00908,monitoring.system,Software,General Support,Shared Hosting,
INC8541333,INC8541333,Problem: IC07174 agent on IC00949 is unreachable for 10 minutes,4,7,2026-09-21 04:17:40,,2026-09-21 05:32:09,No Intervention Required,,Team14,IC00949,monitoring.system,Software,General Support,Shared Hosting,
INC8541332,INC8541332,Problem: IC07174 agent on IC00948 is unreachable for 10 minutes,4,7,2026-09-21 04:17:37,,2026-09-21 05:31:00,No Intervention Required,,Team14,IC00948,monitoring.system,Hardware,Hypervisor Failure,Cloud Servers,
INC8541330,INC8541330,"Problem: Alarm Application Monitoring feeds Message: HTTPSConnectionPool(host='IC00004IC04172locawebIC04172comIC04172br', port=443): Read timed out. (read timeout=25)",4,7,2026-09-21 04:16:01,,2026-09-21 04:21:19,No Intervention Required,,Team14,IC04857,monitoring.system,Software,Health Check Failure,Application Monitoring,
INC8541329,INC8541329,Problem: Error Backup Full Bacula,3,7,2026-09-21 04:13:35,2026-09-21 06:36:49,,Caused By Change,Definitiva,Team14,IC04874,monitoring.system,Software,Backup Job Failure,Backup Service,
INC8541326,INC8541326,Problem: IC07174 agent on IC00996 is unreachable for 10 minutes,3,7,2026-09-21 04:10:41,2026-09-21 04:39:25,,Not Reproducible,Contorno,Team14,IC00996,monitoring.system,Software,General Support,Shared Hosting,
INC8541325,INC8541325,Problem: Disk I/O is overloaded on IC00448,4,7,2026-09-21 04:10:13,,2026-09-21 04:12:51,No Intervention Required,,Team14,IC00448,monitoring.system,Software,General Support,Shared Hosting,
INC8541324,INC8541324,Problem: Check Apache on port 443,3,7,2026-09-21 04:10:12,,2026-09-21 04:36:44,No Intervention Required,,Team14,IC00661,monitoring.system,Network,High Latency,Network,
INC8541323,INC8541323,Problem: Check Application Monitoring,4,7,2026-09-21 04:10:10,,2026-09-21 04:10:36,No Intervention Required,,Team14,IC00014,monitoring.system,Software,Health Check Failure,Application Monitoring,
INC8541322,INC8541322,Problem: Check Application Monitoring,4,7,2026-09-21 04:10:08,,2026-09-21 04:10:40,No Intervention Required,,Team14,IC00367,monitoring.system,Software,Monitoring Alert,Application Monitoring,
INC8541320,INC8541320,Problem: Check Application Monitoring,4,7,2026-09-21 04:08:46,,2026-09-21 04:18:47,No Intervention Required,,Team14,IC02447,monitoring.system,Software,Health Check Failure,Application Monitoring,
INC8541319,INC8541319,Problem: IC06745 - IC01442 - Servers with Hypervisor error: 93459,4,7,2026-09-21 04:07:27,2026-09-21 06:39:22,,Application Failure,Contorno,Team14,IC04860,monitoring.system,Software,General Support,Shared Hosting,
INC8541318,INC8541318,Problem: Check Application Monitoring,4,7,2026-09-21 04:06:29,,2026-09-21 04:11:47,No Intervention Required,,Team14,IC02448,monitoring.system,Software,Monitoring Alert,Application Monitoring,
INC8541317,INC8541317,Problem: Check Application Monitoring,4,7,2026-09-21 04:06:26,,2026-09-21 04:10:43,No Intervention Required,,Team14,IC01984,monitoring.system,Software,Monitoring Alert,Application Monitoring,
INC8541316,INC8541316,Problem: Pool: /Common/xpl_lw-emkt-api_publico_https has backends off,4,7,2026-09-21 04:04:18,,2026-09-21 04:29:02,No Intervention Required,,Team14,,monitoring.system,Software,General Support,Shared Hosting,
INC8541315,INC8541315,Problem: Pool: /Common/xpl_lw-emkt-api_https has backends off,4,7,2026-09-21 04:04:16,,2026-09-21 04:29:04,No Intervention Required,,Team14,,monitoring.system,Software,General Support,Shared Hosting,
INC8541314,INC8541314,Problem: Check Application Monitoring,4,7,2026-09-21 03:58:24,,2026-09-21 03:58:53,No Intervention Required,,Team14,IC02447,monitoring.system,Software,Health Check Failure,Application Monitoring,
INC8541313,INC8541313,Problem: Check Application Monitoring,4,7,2026-09-21 03:58:22,,2026-09-21 03:58:55,No Intervention Required,,Team14,IC00002,monitoring.system,Software,Health Check Failure,Application Monitoring,
INC8541312,INC8541312,Problem: Check Application Monitoring,4,7,2026-09-21 03:55:53,,2026-09-21 04:00:15,No Intervention Required,,Team14,IC00367,monitoring.system,Software,Monitoring Alert,Application Monitoring,
INC8541310,INC8541310,Problem: Check: HTTPS Type: tcp on Port: 443 Not Running,4,7,2026-09-21 03:55:05,,2026-09-21 05:38:31,No Intervention Required,,Team14,IC00286,monitoring.system,Software,Service Port Down,Shared Hosting,
INC8541308,INC8541308,Problem: Check Application Monitoring,4,7,2026-09-21 03:51:30,,2026-09-21 03:52:07,No Intervention Required,,Team14,IC00225,monitoring.system,Software,Health Check Failure,Application Monitoring,
INC8541306,INC8541306,Problem: Check Application Monitoring,4,7,2026-09-21 03:50:21,,2026-09-21 04:00:18,No Intervention Required,,Team14,IC00014,monitoring.system,Software,Health Check Failure,Application Monitoring,
INC8541304,INC8541304,Problem: Check Application Monitoring,4,7,2026-09-21 03:48:11,,2026-09-21 03:48:42,No Intervention Required,,Team14,IC00002,monitoring.system,Software,Health Check Failure,Application Monitoring,
INC8541303,INC8541303,Problem: Check Application Monitoring,4,7,2026-09-21 03:46:59,,2026-09-21 03:52:09,No Intervention Required,,Team14,IC02448,monitoring.system,Software,Monitoring Alert,Application Monitoring,
INC8541302,INC8541302,Problem: IC07174 agent on IC00995 is unreachable for 10 minutes,3,7,2026-09-21 03:46:07,2026-09-21 04:42:26,,Operating System Failure,Contorno,Team14,IC00995,monitoring.system,Software,General Support,Shared Hosting,
INC8541301,INC8541301,Problem: E1 TLF_SPO_SI_CI1_2_1031 Failed,3,7,2026-09-21 03:44:20,,,Not Reproducible,Contorno,Team16,IC01620,monitoring.system,Software,General Support,Shared Hosting,
INC8541300,INC8541300,Problem: Check Application Monitoring,4,7,2026-09-21 03:41:20,,2026-09-21 03:41:51,No Intervention Required,,Team14,IC00075,monitoring.system,Software,Monitoring Alert,Application Monitoring,
INC8541299,INC8541299,Problem: Check Application Monitoring,4,7,2026-09-21 03:40:11,,2026-09-21 03:40:43,No Intervention Required,,Team14,IC00014,monitoring.system,Software,Health Check Failure,Application Monitoring,
INC8541298,INC8541298,Problem: Check Application Monitoring,4,7,2026-09-21 03:37:52,,2026-09-21 03:48:40,No Intervention Required,,Team14,IC02761,monitoring.system,Software,Monitoring Alert,Application Monitoring,
INC8541297,INC8541297,Problem: Check Application Monitoring,4,7,2026-09-21 03:33:15,,2026-09-21 03:38:36,No Intervention Required,,Team14,IC02447,monitoring.system,Software,Health Check Failure,Application Monitoring,
INC8541296,INC8541296,Problem: Error Backup Full Bacula,3,7,2026-09-21 03:31:35,2026-09-21 06:35:02,,Caused By Change,Definitiva,Team14,IC05754,monitoring.system,Software,Backup Job Failure,Backup Service,
INC8541295,INC8541295,Problem: Check MySQL,2,7,2026-09-21 03:29:55,,2026-09-21 03:38:19,No Intervention Required,,Team14,IC03644,monitoring.system,Software,Replication Failure,Database Hosting,
INC8541294,INC8541294,Problem: Check MySQL on port 3306,3,7,2026-09-21 03:28:51,,2026-09-21 03:34:55,No Intervention Required,,Team14,IC03644,monitoring.system,Software,Replication Failure,Database Hosting,INC8541295
INC8541286,INC8541286,Problem: IOwait grown up CPU queue,4,7,2026-09-21 03:12:15,,2026-09-21 03:37:28,No Intervention Required,,Team14,IC00454,monitoring.system,Software,General Support,Shared Hosting,
INC8541284,INC8541284,Problem: Check Apache on port 443,3,7,2026-09-21 03:11:08,,2026-09-21 03:37:32,No Intervention Required,,Team14,IC00661,monitoring.system,Network,High Latency,Network,
INC8541283,INC8541283,Problem: Check Application Monitoring,4,7,2026-09-21 03:10:08,,2026-09-21 03:10:37,No Intervention Required,,Team14,IC00367,monitoring.system,Software,Monitoring Alert,Application Monitoring,
INC8541282,INC8541282,Problem: Check Application Monitoring,4,7,2026-09-21 03:10:06,,2026-09-21 03:20:58,No Intervention Required,,Team14,IC00014,monitoring.system,Software,Health Check Failure,Application Monitoring,
INC8541281,INC8541281,Problem: Disk I/O is overloaded on IC00454,4,7,2026-09-21 03:08:44,,2026-09-21 03:27:07,No Intervention Required,,Team14,IC00454,monitoring.system,Software,General Support,Shared Hosting,
INC8541280,INC8541280,Problem: Free disk space is less than 10% on volume /,4,7,2026-09-21 03:06:50,,2026-09-21 03:45:28,No Intervention Required,,Team14,IC00021,monitoring.system,Software,General Support,Shared Hosting,
INC8541279,INC8541279,Problem: Pool: /Common/xpl_lw-emkt-api_https has backends off,4,7,2026-09-21 03:06:32,,2026-09-21 03:31:20,No Intervention Required,,Team14,,monitoring.system,Software,General Support,Shared Hosting,
INC8541278,INC8541278,Problem: Pool: /Common/xpl_lw-emkt-api_publico_https has backends off,4,7,2026-09-21 03:06:30,,2026-09-21 03:31:22,No Intervention Required,,Team14,,monitoring.system,Software,General Support,Shared Hosting,
INC8541277,INC8541277,Problem: Check Application Monitoring,4,7,2026-09-21 03:06:28,,2026-09-21 03:11:46,No Intervention Required,,Team14,IC00075,monitoring.system,Software,Monitoring Alert,Application Monitoring,
INC8541276,INC8541276,Problem: Check Application Monitoring,4,7,2026-09-21 03:06:24,,2026-09-21 03:11:39,No Intervention Required,,Team14,IC01984,monitoring.system,Software,Monitoring Alert,Application Monitoring,
INC8541274,INC8541274,Problem: Check Application Monitoring,4,7,2026-09-21 03:03:57,,2026-09-21 03:13:58,No Intervention Required,,Team14,IC02447,monitoring.system,Software,Health Check Failure,Application Monitoring,
INC8541273,INC8541273,Problem: Check Application Monitoring,4,7,2026-09-21 03:02:56,,2026-09-21 03:18:37,No Intervention Required,,Team14,IC02761,monitoring.system,Software,Monitoring Alert,Application Monitoring,
INC8541272,INC8541272,Problem: Check Application Monitoring VIP,4,7,2026-09-21 03:01:47,,2026-09-21 03:07:14,No Intervention Required,,Team14,IC00008,monitoring.system,Software,Monitoring Alert,Application Monitoring,
INC8541271,INC8541271,Problem: Free disk space is less than 10% on volume /,4,7,2026-09-21 03:00:51,,2026-09-21 03:27:16,No Intervention Required,,Team14,IC00086,monitoring.system,Hardware,RAID/Storage Failure,Cloud Servers,
INC8541270,INC8541270,Problem: Check PostgreSQL Replication Slave,4,7,2026-09-21 02:59:51,,2026-09-21 03:27:10,No Intervention Required,,Team14,IC00223,monitoring.system,Software,Database Service Down,Database Hosting,
INC8541269,INC8541269,Problem: IC06745 - IC01442 - Servers with Hypervisor error: 93459,4,7,2026-09-21 02:57:25,,2026-09-21 03:57:17,No Intervention Required,,Team14,IC04860,monitoring.system,Software,General Support,Shared Hosting,
INC8541268,INC8541268,Problem: IC06745 - IC01442 - Servers with Hypervisor error: 130851,4,7,2026-09-21 02:57:23,,2026-09-21 06:37:29,No Intervention Required,,Team14,IC04860,monitoring.system,Software,General Support,Shared Hosting,
INC8541266,INC8541266,Problem: Check Application Monitoring,4,7,2026-09-21 02:51:25,,2026-09-21 02:55:47,No Intervention Required,,Team14,IC01984,monitoring.system,Software,Monitoring Alert,Application Monitoring,
INC8541264,INC8541264,Problem: Check Application Monitoring,4,7,2026-09-21 02:48:58,,2026-09-21 02:49:52,No Intervention Required,,Team14,IC00224,monitoring.system,Software,Health Check Failure,Application Monitoring,
INC8541262,INC8541262,Problem: Lack of available memory on server IC03014,4,7,2026-09-21 02:43:14,,2026-09-21 02:48:15,No Intervention Required,,Team14,IC03014,monitoring.system,Software,Service Port Down,Shared Hosting,
INC8541261,INC8541261,Problem: Check Application Monitoring,4,7,2026-09-21 02:40:35,,2026-09-21 02:49:57,No Intervention Required,,Team14,IC00014,monitoring.system,Software,Health Check Failure,Application Monitoring,
INC8541260,INC8541260,Problem: Disk I/O is overloaded on IC00457,4,7,2026-09-21 02:40:34,,2026-09-21 03:02:36,No Intervention Required,,Team14,IC00457,monitoring.system,Software,General Support,Shared Hosting,
INC8541259,INC8541259,Problem: Check Application Monitoring,4,7,2026-09-21 02:38:27,,2026-09-21 02:43:51,No Intervention Required,,Team14,IC02761,monitoring.system,Software,Monitoring Alert,Application Monitoring,
INC8541258,INC8541258,Problem: Check Application Monitoring,4,7,2026-09-21 02:38:25,,2026-09-21 02:38:59,No Intervention Required,,Team14,IC00380,monitoring.system,Software,Monitoring Alert,Application Monitoring,
INC8541257,INC8541257,Problem: Check Application Monitoring,4,7,2026-09-21 02:36:06,,2026-09-21 02:36:53,No Intervention Required,,Team14,IC00075,monitoring.system,Software,Monitoring Alert,Application Monitoring,
INC8541256,INC8541256,Problem: Apache Processes Not Running More Than 15min,3,7,2026-09-21 02:35:58,,2026-09-21 02:46:26,No Intervention Required,,Team14,IC00199,monitoring.system,Software,Service Port Down,Shared Hosting,
INC8541253,INC8541253,Problem: Pool: /Common/xpl_lw-emkt-api_https has backends off,4,7,2026-09-21 02:33:49,,2026-09-21 03:00:12,No Intervention Required,,Team14,,monitoring.system,Software,General Support,Shared Hosting,
INC8541252,INC8541252,Problem: Pool: /Common/xpl_lw-emkt-api_publico_https has backends off,4,7,2026-09-21 02:33:47,,2026-09-21 03:00:11,No Intervention Required,,Team14,,monitoring.system,Software,General Support,Shared Hosting,
INC8541250,INC8541250,Problem: Check Application Monitoring,4,7,2026-09-21 02:31:29,,2026-09-21 02:36:51,No Intervention Required,,Team14,IC02448,monitoring.system,Software,Monitoring Alert,Application Monitoring,
INC8541249,INC8541249,Problem: Check Application Monitoring,4,7,2026-09-21 02:28:52,,2026-09-21 02:39:01,No Intervention Required,,Team14,IC02447,monitoring.system,Software,Health Check Failure,Application Monitoring,
INC8541243,INC8541243,Problem: Check Application Monitoring,4,7,2026-09-21 02:20:49,,2026-09-21 02:21:23,No Intervention Required,,Team14,IC01984,monitoring.system,Software,Monitoring Alert,Application Monitoring,
INC8541241,INC8541241,Problem: Check Application Monitoring,4,7,2026-09-21 02:18:23,,2026-09-21 02:28:40,No Intervention Required,,Team14,IC02761,monitoring.system,Software,Monitoring Alert,Application Monitoring,
INC8541240,INC8541240,Problem: Check Application Monitoring,4,7,2026-09-21 02:16:01,,2026-09-21 02:30:58,No Intervention Required,,Team14,IC00367,monitoring.system,Software,Monitoring Alert,Application Monitoring,
INC8541239,INC8541239,Problem: IOwait grown up CPU queue,4,7,2026-09-21 02:13:36,,2026-09-21 02:27:30,No Intervention Required,,Team14,IC00454,monitoring.system,Software,General Support,Shared Hosting,
INC8541238,INC8541238,Problem: IOwait grown up CPU queue,4,7,2026-09-21 02:13:34,,2026-09-21 02:35:34,No Intervention Required,,Team14,IC00455,monitoring.system,Software,General Support,Shared Hosting,
INC8541237,INC8541237,Problem: Disk I/O is overloaded on IC00455,4,7,2026-09-21 02:08:55,,2026-09-21 02:25:11,No Intervention Required,,Team14,IC00455,monitoring.system,Software,General Support,Shared Hosting,
INC8541236,INC8541236,Problem: Disk I/O is overloaded on IC00454,4,7,2026-09-21 02:08:53,,2026-09-21 02:20:20,No Intervention Required,,Team14,IC00454,monitoring.system,Software,General Support,Shared Hosting,
INC8541231,INC8541231,Problem: IC06745 - IC01442 - Activation fail: ID: 101842,4,7,2026-09-21 02:03:44,,2026-09-21 02:46:50,No Intervention Required,,Team14,IC04860,monitoring.system,Software,General Support,Shared Hosting,
INC8541230,INC8541230,Problem: Check Application Monitoring,4,7,2026-09-21 02:01:58,,2026-09-21 02:02:34,No Intervention Required,,Team14,IC00019,monitoring.system,Software,Health Check Failure,Application Monitoring,
INC8541228,INC8541228,Problem: IC06745 - IC01442 - Installation fail: ID: 174141,4,7,2026-09-21 01:59:37,,2026-09-21 02:30:19,No Intervention Required,,Team14,IC04860,monitoring.system,Software,General Support,Shared Hosting,
INC8541227,INC8541227,Problem: Free disk space is less than 10% on volume /,4,7,2026-09-21 01:58:03,,2026-09-21 03:21:15,No Intervention Required,,Team14,IC00231,monitoring.system,Hardware,Disk/Swap Space,Cloud Servers,
INC8541226,INC8541226,Problem: Unavailable by ICMP ping,2,7,2026-09-21 01:56:51,,2026-09-21 02:01:33,No Intervention Required,,Team14,IC00309,monitoring.system,Network,Interface Flap,Network,
INC8541223,INC8541223,Problem: Lack of available memory on server IC03014,4,7,2026-09-21 01:52:43,,2026-09-21 02:03:03,No Intervention Required,,Team14,IC03014,monitoring.system,Software,Service Port Down,Shared Hosting,
INC8541222,INC8541222,Problem: Check Application Monitoring VIP,4,7,2026-09-21 01:52:35,,2026-09-21 02:07:35,No Intervention Required,,Team14,IC00019,monitoring.system,Software,Health Check Failure,Application Monitoring,
INC8541219,INC8541219,Problem: Check Application Monitoring,4,7,2026-09-21 01:50:27,,2026-09-21 02:05:10,No Intervention Required,,Team14,IC00367,monitoring.system,Software,Monitoring Alert,Application Monitoring,
INC8541217,INC8541217,Problem: Check Application Monitoring,4,7,2026-09-21 01:48:10,,2026-09-21 01:48:44,No Intervention Required,,Team14,IC00002,monitoring.system,Software,Health Check Failure,Application Monitoring,
INC8541216,INC8541216,Problem: Check Application Monitoring,4,7,2026-09-21 01:48:08,,2026-09-21 01:53:24,No Intervention Required,,Team14,IC02761,monitoring.system,Software,Monitoring Alert,Application Monitoring,
INC8541213,INC8541213,Problem: Check Application Monitoring,4,7,2026-09-21 01:40:13,,2026-09-21 01:50:00,No Intervention Required,,Team14,IC00014,monitoring.system,Software,Health Check Failure,Application Monitoring,
INC8541212,INC8541212,Problem: Free disk space is less than 10% on volume /,4,7,2026-09-21 01:40:06,,2026-09-21 01:55:50,No Intervention Required,,Team14,IC00179,monitoring.system,Hardware,RAID/Storage Failure,Cloud Servers,
INC8541211,INC8541211,Problem: Check Application Monitoring,4,7,2026-09-21 01:37:57,,2026-09-21 01:38:27,No Intervention Required,,Team14,IC02761,monitoring.system,Software,Monitoring Alert,Application Monitoring,
INC8541209,INC8541209,Problem: Check Application Monitoring,4,7,2026-09-21 01:36:46,,2026-09-21 01:37:20,No Intervention Required,,Team14,IC00323,monitoring.system,Software,Monitoring Alert,Application Monitoring,
INC8541208,INC8541208,Problem: Check Application Monitoring,4,7,2026-09-21 01:36:43,,2026-09-21 01:41:56,No Intervention Required,,Team14,IC02448,monitoring.system,Software,Monitoring Alert,Application Monitoring,
INC8541207,INC8541207,Problem: Check Application Monitoring,4,7,2026-09-21 01:35:36,,2026-09-21 01:40:46,No Intervention Required,,Team14,IC00367,monitoring.system,Software,Monitoring Alert,Application Monitoring,
INC8541204,INC8541204,Problem: Memory SP001-POD01-CLUSTER03 IC01741 Allocated > 90%,4,7,2026-09-21 01:33:31,,,No Intervention Required,,Team03,IC00294,monitoring.system,Hardware,RAID/Storage Failure,Cloud Servers,
INC8541203,INC8541203,Problem: Memory SP001-POD01-CLUSTER03 IC00102 Allocated > 90%,4,7,2026-09-21 01:33:29,,,No Intervention Required,,Team03,IC00294,monitoring.system,Hardware,RAID/Storage Failure,Cloud Servers,
INC8541202,INC8541202,Problem: Lack of available memory on server IC03014,4,7,2026-09-21 01:32:57,,2026-09-21 01:37:47,No Intervention Required,,Team14,IC03014,monitoring.system,Software,Service Port Down,Shared Hosting,
INC8541200,INC8541200,Problem: Check Application Monitoring,4,7,2026-09-21 01:31:02,,2026-09-21 01:31:45,No Intervention Required,,Team14,IC00096,monitoring.system,Software,Monitoring Alert,Application Monitoring,
INC8541199,INC8541199,Problem: Check Application Monitoring,4,7,2026-09-21 01:29:56,,2026-09-21 01:30:31,No Intervention Required,,Team14,IC00014,monitoring.system,Software,Health Check Failure,Application Monitoring,
INC8541197,INC8541197,Problem: Check Application Monitoring,4,7,2026-09-21 01:28:28,,2026-09-21 01:33:57,No Intervention Required,,Team14,IC02447,monitoring.system,Software,Health Check Failure,Application Monitoring,
INC8541196,INC8541196,Problem: Free disk space is less than 10% on volume /,4,7,2026-09-21 01:26:46,,2026-09-21 03:21:32,No Intervention Required,,Team14,IC00267,monitoring.system,Hardware,Hypervisor Failure,Cloud Servers,
INC8541193,INC8541193,Problem: Check Application Monitoring,4,7,2026-09-21 01:19:09,,2026-09-21 01:19:50,No Intervention Required,,Team14,IC00224,monitoring.system,Software,Health Check Failure,Application Monitoring,
INC8541191,INC8541191,Problem: Check Application Monitoring VIP,4,7,2026-09-21 01:16:48,,2026-09-21 01:17:29,No Intervention Required,,Team14,IC00019,monitoring.system,Software,Health Check Failure,Application Monitoring,
INC8541190,INC8541190,Problem: Check Application Monitoring,4,7,2026-09-21 01:16:46,,2026-09-21 01:22:06,No Intervention Required,,Team14,IC00323,monitoring.system,Software,Monitoring Alert,Application Monitoring,
INC8541189,INC8541189,Problem: Check Application Monitoring,4,7,2026-09-21 01:16:45,,2026-09-21 01:22:08,No Intervention Required,,Team14,IC00364,monitoring.system,Software,Health Check Failure,Application Monitoring,
INC8541185,INC8541185,Problem: IOwait grown up CPU queue,4,7,2026-09-21 01:13:25,,2026-09-21 01:27:06,No Intervention Required,,Team14,IC00463,monitoring.system,Hardware,Hypervisor Failure,Cloud Servers,
INC8541184,INC8541184,Problem: Check Application Monitoring,4,7,2026-09-21 01:13:24,,2026-09-21 01:18:46,No Intervention Required,,Team14,IC02447,monitoring.system,Software,Health Check Failure,Application Monitoring,
INC8541183,INC8541183,Problem: Check Apache on port 443,3,7,2026-09-21 01:12:13,,2026-09-21 01:36:20,No Intervention Required,,Team14,IC00661,monitoring.system,Network,High Latency,Network,
INC8541182,INC8541182,Problem: Disk I/O is overloaded on IC00203,4,7,2026-09-21 01:11:02,,2026-09-21 01:15:19,No Intervention Required,,Team14,IC00203,monitoring.system,Software,General Support,Shared Hosting,
INC8541181,INC8541181,Problem: Free disk space is less than 10% on volume /,4,7,2026-09-21 01:09:59,,2026-09-21 01:22:16,No Intervention Required,,Team14,IC00208,monitoring.system,Hardware,RAID/Storage Failure,Cloud Servers,
INC8541180,INC8541180,Problem: Check: HTTPS Type: tcp on Port: 443 Not Running,2,7,2026-09-21 01:09:08,2026-09-21 01:23:17,2026-09-21 01:24:27,Application Failure,,Team14,IC02646,monitoring.system,Software,Service Port Down,Shared Hosting,INC8541179
INC8541179,INC8541179,Problem: Check: HTTP Type: tcp on Port: 80 Not Running,2,7,2026-09-21 01:09:06,2026-09-21 01:22:55,2026-09-21 01:24:33,Application Failure,Contorno,Team14,IC02646,monitoring.system,Software,Service Port Down,Shared Hosting,
INC8541176,INC8541176,Problem: Disk I/O is overloaded on IC00463,4,7,2026-09-21 01:08:47,,2026-09-21 01:15:17,No Intervention Required,,Team14,IC00463,monitoring.system,Hardware,Hypervisor Failure,Cloud Servers,
INC8541175,INC8541175,Problem: Check Application Monitoring,4,7,2026-09-21 01:08:44,,2026-09-21 01:18:37,No Intervention Required,,Team14,IC02761,monitoring.system,Software,Monitoring Alert,Application Monitoring,
INC8541170,INC8541170,Problem: Disk I/O is overloaded on IC00069,4,7,2026-09-21 01:07:38,,2026-09-21 01:54:32,No Intervention Required,,Team14,IC00069,monitoring.system,Software,General Support,Shared Hosting,
INC8541165,INC8541165,Problem: Check Application Monitoring VIP,4,7,2026-09-21 01:02:25,,2026-09-21 01:02:32,No Intervention Required,,Team14,IC00019,monitoring.system,Software,Health Check Failure,Application Monitoring,
INC8541164,INC8541164,Problem: Unavailable by ICMP ping,2,7,2026-09-21 01:02:20,,2026-09-21 01:16:38,No Intervention Required,,Team14,IC05755,monitoring.system,Software,General Support,Shared Hosting,INC8541123
INC8541163,INC8541163,Problem: Unavailable by ICMP ping,2,7,2026-09-21 01:02:18,,2026-09-21 01:16:36,No Intervention Required,,Team14,IC05756,monitoring.system,Software,General Support,Shared Hosting,INC8541123
INC8541162,INC8541162,Problem: Unavailable by ICMP ping,2,7,2026-09-21 01:02:16,,2026-09-21 01:16:35,No Intervention Required,,Team14,IC05757,monitoring.system,Software,General Support,Shared Hosting,INC8541123
INC8541161,INC8541161,Problem: Unavailable by ICMP ping,2,7,2026-09-21 01:02:14,,2026-09-21 01:16:34,No Intervention Required,,Team14,IC01847,monitoring.system,Network,Connectivity Loss,Network,INC8541123
INC8541160,INC8541160,Problem: Unavailable by ICMP ping,2,7,2026-09-21 01:02:12,,2026-09-21 01:16:34,No Intervention Required,,Team14,IC05758,monitoring.system,Software,General Support,Shared Hosting,INC8541123
INC8541159,INC8541159,Problem: Unavailable by ICMP ping,2,7,2026-09-21 01:02:10,,2026-09-21 01:16:33,No Intervention Required,,Team14,IC03031,monitoring.system,Software,General Support,Shared Hosting,INC8541123
INC8541158,INC8541158,Problem: Unavailable by ICMP ping,2,7,2026-09-21 01:02:08,,2026-09-21 01:16:32,No Intervention Required,,Team14,IC02609,monitoring.system,Software,General Support,Shared Hosting,INC8541123
INC8541157,INC8541157,Problem: Unavailable by ICMP ping,2,7,2026-09-21 01:01:16,,2026-09-21 01:16:31,No Intervention Required,,Team14,IC02204,monitoring.system,Software,General Support,Shared Hosting,INC8541123
INC8541156,INC8541156,Problem: Unavailable by ICMP ping,2,7,2026-09-21 01:01:14,,2026-09-21 01:16:30,No Intervention Required,,Team14,IC01262,monitoring.system,Software,General Support,Shared Hosting,INC8541123
INC8541155,INC8541155,Problem: Unavailable by ICMP ping,2,7,2026-09-21 01:01:12,,2026-09-21 01:16:29,No Intervention Required,,Team14,IC03032,monitoring.system,Software,General Support,Shared Hosting,INC8541123
INC8541154,INC8541154,Problem: Unavailable by ICMP ping,2,7,2026-09-21 01:01:09,,2026-09-21 01:16:28,No Intervention Required,,Team14,IC01451,monitoring.system,Software,General Support,Shared Hosting,INC8541123
INC8541153,INC8541153,Problem: Unavailable by ICMP ping,2,7,2026-09-21 01:01:07,,2026-09-21 01:16:27,No Intervention Required,,Team14,IC02257,monitoring.system,Software,General Support,Shared Hosting,INC8541123
INC8541152,INC8541152,Problem: Check Application Monitoring,4,7,2026-09-21 01:00:19,,2026-09-21 01:10:32,No Intervention Required,,Team14,IC00014,monitoring.system,Software,Health Check Failure,Application Monitoring,
INC8541149,INC8541149,Problem: Free disk is less than 15% on volume /var/log,3,7,2026-09-21 00:58:23,,2026-09-21 01:01:38,No Intervention Required,,Team14,IC01195,monitoring.system,Hardware,Disk/Swap Space,Cloud Servers,
INC8541148,INC8541148,Problem: Check Application Monitoring,4,7,2026-09-21 00:58:04,,2026-09-21 00:58:53,No Intervention Required,,Team14,IC00002,monitoring.system,Software,Health Check Failure,Application Monitoring,
INC8541147,INC8541147,Problem: Checkl PostgreSQL Barman Backup,4,7,2026-09-21 00:58:00,,,No Intervention Required,,Team02,IC05759,monitoring.system,Software,Backup Job Failure,Backup Service,
INC8541146,INC8541146,Problem: Check Application Monitoring,4,7,2026-09-21 00:56:53,,2026-09-21 01:07:05,No Intervention Required,,Team14,IC02448,monitoring.system,Software,Monitoring Alert,Application Monitoring,
INC8541145,INC8541145,Problem: Check Apache on port 443,3,7,2026-09-21 00:55:46,,2026-09-21 01:21:07,No Intervention Required,,Team14,IC03790,monitoring.system,Network,Connectivity Loss,Network,
INC8541144,INC8541144,Problem: Lack of available memory on server IC03014,4,7,2026-09-21 00:53:04,,2026-09-21 01:02:46,No Intervention Required,,Team14,IC03014,monitoring.system,Software,Service Port Down,Shared Hosting,
INC8541143,INC8541143,Problem: Check Application Monitoring,4,7,2026-09-21 00:50:08,,2026-09-21 00:50:38,No Intervention Required,,Team14,IC00014,monitoring.system,Software,Health Check Failure,Application Monitoring,
INC8541142,INC8541142,Problem: Free disk space is less than 10% on volume /,4,7,2026-09-21 00:50:06,,2026-09-21 00:53:02,No Intervention Required,,Team14,IC00408,monitoring.system,Software,General Support,Shared Hosting,
INC8541139,INC8541139,Problem: Interface Ethernet1/13 conectado ->  Transito_F5ITA02-B_Porta6IC041720: LINK DOWN,3,7,2026-09-21 00:45:33,,2026-09-21 00:49:36,No Intervention Required,,Team12,IC05760,monitoring.system,Network,Connectivity Loss,Network,
INC8541137,INC8541137,Problem: Interface TenGigabitEthernet 0/12 conectado -> UPLINK_f5ita02-b_2IC041721 BrcdMon: LINK DOWN,2,7,2026-09-21 00:44:57,,2026-09-21 01:24:37,No Intervention Required,,Team12,IC01492,monitoring.system,Network,High Latency,Network,
INC8541136,INC8541136,Problem: Unavailable by ICMP ping,2,7,2026-09-21 00:43:39,,2026-09-21 01:16:25,No Intervention Required,,Team14,IC01847,monitoring.system,Network,Connectivity Loss,Network,INC8541123
INC8541135,INC8541135,Problem: Unavailable by ICMP ping,2,7,2026-09-21 00:43:36,,2026-09-21 01:16:25,No Intervention Required,,Team14,IC01451,monitoring.system,Software,General Support,Shared Hosting,INC8541123
INC8541134,INC8541134,Problem: Unavailable by ICMP ping,2,7,2026-09-21 00:43:35,,2026-09-21 01:16:24,No Intervention Required,,Team14,IC02204,monitoring.system,Software,General Support,Shared Hosting,INC8541123
INC8541133,INC8541133,Problem: Unavailable by ICMP ping,2,7,2026-09-21 00:43:33,,2026-09-21 01:16:23,No Intervention Required,,Team14,IC03031,monitoring.system,Software,General Support,Shared Hosting,INC8541123
INC8541132,INC8541132,Problem: Unavailable by ICMP ping,2,7,2026-09-21 00:43:31,,2026-09-21 01:16:22,No Intervention Required,,Team14,IC03032,monitoring.system,Software,General Support,Shared Hosting,INC8541123
INC8541131,INC8541131,Problem: Unavailable by ICMP ping,2,7,2026-09-21 00:43:29,,2026-09-21 01:16:21,No Intervention Required,,Team14,IC05757,monitoring.system,Software,General Support,Shared Hosting,INC8541123
INC8541130,INC8541130,Problem: Unavailable by ICMP ping,2,7,2026-09-21 00:43:26,,2026-09-21 01:16:20,No Intervention Required,,Team14,IC05758,monitoring.system,Software,General Support,Shared Hosting,INC8541123
INC8541129,INC8541129,Problem: Unavailable by ICMP ping,2,7,2026-09-21 00:43:25,,2026-09-21 01:16:20,No Intervention Required,,Team14,IC05756,monitoring.system,Software,General Support,Shared Hosting,INC8541123
INC8541128,INC8541128,Problem: Unavailable by ICMP ping,2,7,2026-09-21 00:43:22,,2026-09-21 01:16:19,No Intervention Required,,Team14,IC05755,monitoring.system,Software,General Support,Shared Hosting,INC8541123
INC8541126,INC8541126,Problem: Check Application Monitoring,4,7,2026-09-21 00:43:03,,2026-09-21 00:48:30,No Intervention Required,,Team14,IC02761,monitoring.system,Software,Monitoring Alert,Application Monitoring,
INC8541125,INC8541125,Problem: Unavailable by ICMP ping,2,7,2026-09-21 00:42:31,,2026-09-21 01:16:18,No Intervention Required,,Team14,IC02257,monitoring.system,Software,General Support,Shared Hosting,INC8541123
INC8541124,INC8541124,Problem: Unavailable by ICMP ping,2,7,2026-09-21 00:42:28,,2026-09-21 01:16:17,No Intervention Required,,Team14,IC02609,monitoring.system,Software,General Support,Shared Hosting,INC8541123
INC8541123,INC8541123,Problem: Unavailable by ICMP ping,2,7,2026-09-21 00:42:26,,2026-09-21 01:16:16,No Intervention Required,,Team14,IC01262,monitoring.system,Software,General Support,Shared Hosting,
INC8541118,INC8541118,Problem: Check Application Monitoring,4,7,2026-09-21 00:28:17,,2026-09-21 00:48:32,No Intervention Required,,Team14,IC02447,monitoring.system,Software,Health Check Failure,Application Monitoring,
INC8541117,INC8541117,Problem: Check Application Monitoring,4,7,2026-09-21 00:28:15,,2026-09-21 00:33:30,No Intervention Required,,Team14,IC02761,monitoring.system,Software,Monitoring Alert,Application Monitoring,
INC8541116,INC8541116,Problem: Check Application Monitoring,4,7,2026-09-21 00:28:13,,2026-09-21 00:28:48,No Intervention Required,,Team14,IC00002,monitoring.system,Software,Health Check Failure,Application Monitoring,
INC8541115,INC8541115,Problem: Lack of available memory on server IC03014,4,7,2026-09-21 00:28:09,,2026-09-21 00:43:36,No Intervention Required,,Team14,IC03014,monitoring.system,Software,Service Port Down,Shared Hosting,
INC8541114,INC8541114,Problem: Interface Ethernet1/13 conectado ->  Transito_F5ITA02-A_Porta6IC041720: LINK DOWN,3,7,2026-09-21 00:27:30,,2026-09-21 00:31:35,No Intervention Required,,Team12,IC05761,monitoring.system,Network,Connectivity Loss,Network,
INC8541113,INC8541113,Problem: Interface TenGigabitEthernet 0/12 conectado -> UPLINK_f5ita02-a_2IC041721 BrcdMon: LINK DOWN,2,7,2026-09-21 00:26:56,,2026-09-21 00:41:04,No Intervention Required,,Team12,IC01956,monitoring.system,Network,Connectivity Loss,Network,
INC8541112,INC8541112,Problem: CPU Used in %,4,7,2026-09-21 00:22:35,,2026-09-21 00:27:43,No Intervention Required,,Team14,IC00100,monitoring.system,Hardware,CPU/Memory Threshold,Cloud Servers,
INC8541111,INC8541111,Problem: CPU Used in %,4,7,2026-09-21 00:22:33,,2026-09-21 00:27:45,No Intervention Required,,Team14,IC00100,monitoring.system,Hardware,CPU/Memory Threshold,Cloud Servers,
INC8541110,INC8541110,Problem: Check Application Monitoring,4,7,2026-09-21 00:20:19,,2026-09-21 00:35:39,No Intervention Required,,Team14,IC00367,monitoring.system,Software,Monitoring Alert,Application Monitoring,
INC8541109,INC8541109,Problem: Check Application Monitoring,4,7,2026-09-21 00:20:18,,2026-09-21 00:20:47,No Intervention Required,,Team14,IC00014,monitoring.system,Software,Health Check Failure,Application Monitoring,
INC8541107,INC8541107,Problem: Apache Busy Workers,3,7,2026-09-21 00:18:20,2026-09-21 01:01:44,,Operating System Failure,Contorno,Team14,IC01413,monitoring.system,Hardware,Hypervisor Failure,Cloud Servers,
INC8541106,INC8541106,Problem: Check Application Monitoring,4,7,2026-09-21 00:18:02,,2026-09-21 00:18:37,No Intervention Required,,Team14,IC02761,monitoring.system,Software,Monitoring Alert,Application Monitoring,
INC8541105,INC8541105,Problem: Check Application Monitoring,4,7,2026-09-21 00:18:01,,2026-09-21 00:18:40,No Intervention Required,,Team14,IC00002,monitoring.system,Software,Health Check Failure,Application Monitoring,
INC8541104,INC8541104,Problem: Check Application Monitoring VIP,4,7,2026-09-21 00:16:55,,2026-09-21 00:27:41,No Intervention Required,,Team14,IC00019,monitoring.system,Software,Health Check Failure,Application Monitoring,
INC8541103,INC8541103,Problem: Check Application Monitoring,4,7,2026-09-21 00:15:50,,2026-09-21 00:16:27,No Intervention Required,,Team14,IC01984,monitoring.system,Software,Monitoring Alert,Application Monitoring,
INC8541102,INC8541102,Problem: Check Application Monitoring,4,7,2026-09-21 00:15:46,,2026-09-21 00:16:25,No Intervention Required,,Team14,IC00042,monitoring.system,Software,Monitoring Alert,Application Monitoring,
INC8541100,INC8541100,Problem: Check Application Monitoring,4,7,2026-09-21 00:10:06,,2026-09-21 00:10:39,No Intervention Required,,Team14,IC00014,monitoring.system,Software,Health Check Failure,Application Monitoring,
INC8541099,INC8541099,Problem: Check: HTTPS Type: tcp on Port: 443 Not Running,4,7,2026-09-21 00:09:49,,2026-09-21 05:29:46,No Intervention Required,,Team14,IC03014,monitoring.system,Software,Service Port Down,Shared Hosting,
INC8541098,INC8541098,Problem: Check: HTTP Type: tcp on Port: 80 Not Running,4,7,2026-09-21 00:09:47,,2026-09-21 05:29:48,No Intervention Required,,Team14,IC03014,monitoring.system,Software,Service Port Down,Shared Hosting,
INC8541094,INC8541094,Problem: Check Application Monitoring,4,7,2026-09-20 23:58:15,,2026-09-20 23:58:48,No Intervention Required,,Team14,IC00380,monitoring.system,Software,Monitoring Alert,Application Monitoring,
INC8541092,INC8541092,Problem: Check Application Monitoring,4,7,2026-09-20 23:56:57,,2026-09-21 00:01:35,No Intervention Required,,Team14,IC02448,monitoring.system,Software,Monitoring Alert,Application Monitoring,
INC8541091,INC8541091,Problem: Check: HTTP Type: tcp on Port: 80 Not Running,2,7,2026-09-20 23:56:22,,2026-09-20 23:58:55,No Intervention Required,,Team14,IC03628,monitoring.system,Software,Certificate/TLS Issue,Shared Hosting,
INC8541090,INC8541090,Problem: Check Application Monitoring,4,7,2026-09-20 23:50:08,,2026-09-20 23:50:48,No Intervention Required,,Team14,IC00014,monitoring.system,Software,Health Check Failure,Application Monitoring,
INC8541087,INC8541087,Problem: /: Free disk space is less than 5,4,7,2026-09-20 23:47:39,2026-09-21 02:48:52,,Application Failure,Contorno,Team14,IC02227,monitoring.system,Hardware,Disk/Swap Space,Cloud Servers,
INC8541086,INC8541086,Problem: Check Application Monitoring,4,7,2026-09-20 23:47:34,,2026-09-20 23:52:06,No Intervention Required,,Team14,IC00019,monitoring.system,Software,Health Check Failure,Application Monitoring,
INC8541084,INC8541084,Problem: Check Application Monitoring,4,7,2026-09-20 23:46:25,,2026-09-20 23:47:10,No Intervention Required,,Team14,IC02448,monitoring.system,Software,Monitoring Alert,Application Monitoring,
INC8541080,INC8541080,Problem: Free disk space is less than 20% on volume /,4,7,2026-09-20 23:43:31,,2026-09-21 00:09:30,No Intervention Required,,Team14,IC00317,monitoring.system,Hardware,RAID/Storage Failure,Cloud Servers,
INC8541078,INC8541078,Problem: Unavailable by ICMP ping,2,7,2026-09-20 23:41:54,2026-09-21 00:18:34,2026-09-21 00:20:58,Other,Contorno,Team03,IC05762,monitoring.system,Network,Interface Flap,Network,
INC8541077,INC8541077,Problem: Check Application Monitoring VIP,4,7,2026-09-20 23:41:43,,2026-09-20 23:42:30,No Intervention Required,,Team14,IC00008,monitoring.system,Software,Monitoring Alert,Application Monitoring,
INC8541076,INC8541076,Problem: IC06745 - IC01442 - Installation fail: ID: 174141,4,7,2026-09-20 23:41:27,,2026-09-20 23:57:29,No Intervention Required,,Team14,IC04860,monitoring.system,Software,General Support,Shared Hosting,
INC8541073,INC8541073,Problem: Free disk space is less than 10% on volume /,4,7,2026-09-20 23:39:05,,2026-09-20 23:41:33,No Intervention Required,,Team14,IC00179,monitoring.system,Hardware,RAID/Storage Failure,Cloud Servers,
INC8541072,INC8541072,Problem: Check Application Monitoring,4,7,2026-09-20 23:38:20,,2026-09-20 23:43:47,No Intervention Required,,Team14,IC02447,monitoring.system,Software,Health Check Failure,Application Monitoring,
INC8541071,INC8541071,Problem: Free disk space is less than 10% on volume /,4,7,2026-09-20 23:36:21,2026-09-21 00:34:36,,Application Failure,Contorno,Team14,IC00276,monitoring.system,Hardware,CPU/Memory Threshold,Cloud Servers,
INC8541068,INC8541068,Problem: IC06745 - IC01442 - Activation fail: ID: 101842,4,7,2026-09-20 23:30:29,,2026-09-20 23:52:28,No Intervention Required,,Team14,IC04860,monitoring.system,Software,General Support,Shared Hosting,
INC8541067,INC8541067,Problem: IOwait grown up CPU queue,4,7,2026-09-20 23:26:34,,2026-09-20 23:54:22,No Intervention Required,,Team14,IC00471,monitoring.system,Software,General Support,Shared Hosting,
INC8541064,INC8541064,Problem: Check Application Monitoring,4,7,2026-09-20 23:20:54,,2026-09-20 23:21:33,No Intervention Required,,Team14,IC00011,monitoring.system,Software,Monitoring Alert,Application Monitoring,
INC8541063,INC8541063,Problem: Disk I/O is overloaded on IC00471,4,7,2026-09-20 23:20:46,,2026-09-20 23:46:01,No Intervention Required,,Team14,IC00471,monitoring.system,Software,General Support,Shared Hosting,
INC8541062,INC8541062,Problem: Check Application Monitoring,4,7,2026-09-20 23:18:35,,2026-09-20 23:23:50,No Intervention Required,,Team14,IC02447,monitoring.system,Software,Health Check Failure,Application Monitoring,
INC8541061,INC8541061,Problem: Check Application Monitoring,4,7,2026-09-20 23:15:13,,2026-09-20 23:25:10,No Intervention Required,,Team14,IC00367,monitoring.system,Software,Monitoring Alert,Application Monitoring,
INC8541060,INC8541060,Problem: Check Application Monitoring,4,7,2026-09-20 23:11:47,,2026-09-20 23:16:54,No Intervention Required,,Team14,IC02448,monitoring.system,Software,Monitoring Alert,Application Monitoring,
INC8541059,INC8541059,Problem: Check Application Monitoring VIP,4,7,2026-09-20 23:11:45,,2026-09-20 23:12:24,No Intervention Required,,Team14,IC00008,monitoring.system,Software,Monitoring Alert,Application Monitoring,
INC8541053,INC8541053,Problem: Error Backup Full Bacula,3,7,2026-09-20 23:09:31,2026-09-21 00:47:30,,Operating System Failure,Contorno,Team14,IC01473,monitoring.system,Network,High Latency,Network,
INC8541052,INC8541052,Problem: Free disk space is less than 10% on volume /,4,7,2026-09-20 23:08:29,2026-09-21 00:34:35,,Application Failure,Contorno,Team14,IC00116,monitoring.system,Hardware,Hypervisor Failure,Cloud Servers,
INC8541051,INC8541051,Problem: Check Application Monitoring,4,7,2026-09-20 23:08:22,,2026-09-20 23:08:56,No Intervention Required,,Team14,IC00002,monitoring.system,Software,Health Check Failure,Application Monitoring,
INC8541048,INC8541048,Problem: Free disk space is less than 10% on volume /,4,7,2026-09-20 23:05:32,2026-09-21 00:34:35,,Application Failure,Contorno,Team14,IC00183,monitoring.system,Hardware,Hypervisor Failure,Cloud Servers,
INC8541043,INC8541043,Problem: Check PostgreSQL Replication Slave,4,7,2026-09-20 23:01:07,,2026-09-20 23:19:52,No Intervention Required,,Team14,IC00030,monitoring.system,Software,Replication Failure,Database Hosting,
INC8541041,INC8541041,Problem: Free disk space is less than 10% on volume /,4,7,2026-09-20 22:54:10,2026-09-21 00:34:34,,Application Failure,Contorno,Team14,IC00671,monitoring.system,Hardware,Hypervisor Failure,Cloud Servers,
INC8541040,INC8541040,Problem: Disk I/O is overloaded on IC00474,4,7,2026-09-20 22:53:19,,2026-09-20 22:54:04,No Intervention Required,,Team14,IC00474,monitoring.system,Hardware,CPU/Memory Threshold,Cloud Servers,
INC8541039,INC8541039,Problem: Check SQL Agent Jobs,3,7,2026-09-20 22:52:25,,2026-09-20 23:01:23,No Intervention Required,,Team05,IC00863,monitoring.system,Software,General Support,Shared Hosting,
INC8541038,INC8541038,Problem: Check Application Monitoring,4,7,2026-09-20 22:50:06,,2026-09-20 22:50:36,No Intervention Required,,Team14,IC00014,monitoring.system,Software,Health Check Failure,Application Monitoring,
INC8541036,INC8541036,Problem: Check Application Monitoring,4,7,2026-09-20 22:43:13,,2026-09-20 22:54:00,No Intervention Required,,Team14,IC02447,monitoring.system,Software,Health Check Failure,Application Monitoring,
INC8541035,INC8541035,Problem: Check Application Monitoring VIP,4,7,2026-09-20 22:42:04,,2026-09-20 22:42:38,No Intervention Required,,Team14,IC00019,monitoring.system,Software,Health Check Failure,Application Monitoring,
INC8541034,INC8541034,Problem: Free disk space is less than 20% on volume /,4,7,2026-09-20 22:41:47,,2026-09-20 23:04:37,No Intervention Required,,Team14,IC00018,monitoring.system,Hardware,RAID/Storage Failure,Cloud Servers,
INC8541032,INC8541032,Problem: IOwait grown up CPU queue,4,7,2026-09-20 22:38:31,,2026-09-20 23:00:05,No Intervention Required,,Team14,IC00474,monitoring.system,Hardware,CPU/Memory Threshold,Cloud Servers,
INC8541031,INC8541031,Problem: Check Application Monitoring,4,7,2026-09-20 22:37:25,,2026-09-20 22:41:42,No Intervention Required,,Team14,IC00008,monitoring.system,Software,Monitoring Alert,Application Monitoring,
INC8541030,INC8541030,Problem: Check Application Monitoring,4,7,2026-09-20 22:36:19,,2026-09-20 22:36:54,No Intervention Required,,Team14,IC02448,monitoring.system,Software,Monitoring Alert,Application Monitoring,
INC8541029,INC8541029,Problem: IOwait grown up CPU queue,4,7,2026-09-20 22:32:54,,2026-09-20 23:29:56,No Intervention Required,,Team14,IC00475,monitoring.system,Software,General Support,Shared Hosting,
INC8541027,INC8541027,Problem: Check Application Monitoring VIP,4,7,2026-09-20 22:31:48,,2026-09-20 22:32:21,No Intervention Required,,Team14,IC00008,monitoring.system,Software,Monitoring Alert,Application Monitoring,
INC8541026,INC8541026,Problem: Check Application Monitoring,4,7,2026-09-20 22:31:46,,2026-09-20 22:32:28,No Intervention Required,,Team14,IC00019,monitoring.system,Software,Health Check Failure,Application Monitoring,
INC8541025,INC8541025,Problem: Disk I/O is overloaded on IC00474,4,7,2026-09-20 22:29:31,,2026-09-20 22:35:53,No Intervention Required,,Team14,IC00474,monitoring.system,Hardware,CPU/Memory Threshold,Cloud Servers,
INC8541024,INC8541024,Problem: Disk I/O is overloaded on IC00475,4,7,2026-09-20 22:26:04,,2026-09-20 23:11:17,No Intervention Required,,Team14,IC00475,monitoring.system,Software,General Support,Shared Hosting,
INC8541022,INC8541022,Problem: Check Application Monitoring,4,7,2026-09-20 22:19:02,,2026-09-20 22:23:23,No Intervention Required,,Team14,IC02447,monitoring.system,Software,Health Check Failure,Application Monitoring,
INC8541021,INC8541021,Problema com cloudstak servidores rebootaram. ,2,7,2026-09-20 22:19:00,2026-09-20 22:39:06,,Other,,Team03,,itsm.operator,Software,General Support,Shared Hosting,INC8540959
INC8541019,INC8541019,Problem: Check Application Monitoring,4,7,2026-09-20 22:18:03,,2026-09-20 22:48:27,No Intervention Required,,Team14,IC02761,monitoring.system,Software,Monitoring Alert,Application Monitoring,
INC8541018,INC8541018,Problem: Check PostgreSQL Replication Master,4,7,2026-09-20 22:17:42,,2026-09-20 22:44:45,No Intervention Required,,Team02,IC00351,monitoring.system,Software,Database Service Down,Database Hosting,
INC8541017,INC8541017,Problem: Apache Busy Workers,3,7,2026-09-20 22:17:38,,2026-09-20 22:22:57,No Intervention Required,,Team14,IC01413,monitoring.system,Hardware,Hypervisor Failure,Cloud Servers,
INC8541016,INC8541016,Problem: Check Application Monitoring VIP,4,7,2026-09-20 22:16:53,,2026-09-20 22:17:27,No Intervention Required,,Team14,IC00008,monitoring.system,Software,Monitoring Alert,Application Monitoring,
INC8541015,INC8541015,Problem: Service LWSentinelSVC isn't running,4,7,2026-09-20 22:15:09,,2026-09-20 22:15:35,No Intervention Required,,Team14,IC05752,monitoring.system,Software,Backup Job Failure,Backup Service,
INC8541014,INC8541014,Problem: IOwait grown up CPU queue,4,7,2026-09-20 22:13:25,,,No Intervention Required,,Team14,IC00025,monitoring.system,Software,General Support,Shared Hosting,
INC8541013,INC8541013,Problem: Check Application Monitoring,4,7,2026-09-20 22:12:10,,2026-09-20 22:16:28,No Intervention Required,,Team14,IC00007,monitoring.system,Software,Health Check Failure,Application Monitoring,
INC8541012,INC8541012,Problem: Free disk space is less than 10% on volume /,4,7,2026-09-20 22:11:49,2026-09-21 00:34:34,,Application Failure,Contorno,Team14,IC00106,monitoring.system,Software,General Support,Shared Hosting,
INC8541011,INC8541011,Problem: Free disk space is less than 10% on volume /,4,7,2026-09-20 22:11:45,2026-09-21 00:34:34,,Application Failure,Contorno,Team14,IC00253,monitoring.system,Hardware,Disk/Swap Space,Cloud Servers,
INC8541010,INC8541010,Problem: Check Application Monitoring,4,7,2026-09-20 22:11:14,,2026-09-20 22:11:47,No Intervention Required,,Team14,IC00888,monitoring.system,Software,Health Check Failure,Application Monitoring,
INC8541009,INC8541009,Problem: Check Application Monitoring,4,7,2026-09-20 22:10:00,,2026-09-20 22:19:56,No Intervention Required,,Team14,IC00014,monitoring.system,Software,Health Check Failure,Application Monitoring,
INC8541008,INC8541008,Problem: Disk I/O is overloaded on IC00434,4,7,2026-09-20 22:08:56,,2026-09-20 22:58:52,No Intervention Required,,Team14,IC00434,monitoring.system,Software,General Support,Shared Hosting,
INC8541007,INC8541007,Problem: Check Application Monitoring,4,7,2026-09-20 22:08:55,,2026-09-20 22:29:03,No Intervention Required,,Team14,IC00307,monitoring.system,Software,Health Check Failure,Application Monitoring,
INC8541006,INC8541006,Problem: Check Application Monitoring,4,7,2026-09-20 22:08:53,,2026-09-20 22:29:00,No Intervention Required,,Team14,IC00306,monitoring.system,Software,Monitoring Alert,Application Monitoring,
INC8541005,INC8541005,Problem: Disk I/O is overloaded on IC00025,4,7,2026-09-20 22:08:51,,,No Intervention Required,,Team14,IC00025,monitoring.system,Software,General Support,Shared Hosting,
INC8541004,INC8541004,Problem: Check Application Monitoring,4,7,2026-09-20 22:08:44,,2026-09-20 22:28:54,No Intervention Required,,Team14,IC00255,monitoring.system,Software,Monitoring Alert,Application Monitoring,
INC8541003,INC8541003,Problem: Check Application Monitoring,4,7,2026-09-20 22:07:44,,2026-09-20 22:27:54,No Intervention Required,,Team14,IC00312,monitoring.system,Software,Health Check Failure,Application Monitoring,
INC8541002,INC8541002,Problem: Memory Free is less then 10%,4,7,2026-09-20 22:07:03,,2026-09-20 22:53:52,No Intervention Required,,Team14,IC00476,monitoring.system,Hardware,Hypervisor Failure,Cloud Servers,
INC8541000,INC8541000,Problem: Espaço livre em disco do host /var/log é < 13%,3,7,2026-09-20 22:02:02,,2026-09-20 22:51:57,No Intervention Required,,Team14,IC01341,monitoring.system,Network,Connectivity Loss,Network,INC8540998
INC8540999,INC8540999,Problem: Espaço livre em disco do host /var/log é < 15%,3,7,2026-09-20 22:02:01,,2026-09-20 22:51:59,No Intervention Required,,Team14,IC01341,monitoring.system,Network,Connectivity Loss,Network,INC8540998
INC8540998,INC8540998,Problem: Espaço livre em disco do host /var/log é < 5%,2,7,2026-09-20 22:01:59,2026-09-20 23:09:46,2026-09-20 23:11:18,Other,Definitiva,Team09,IC01341,monitoring.system,Network,Connectivity Loss,Network,
INC8540997,INC8540997,Problem: Check Application Monitoring,4,7,2026-09-20 22:01:47,,2026-09-20 22:11:51,No Intervention Required,,Team14,IC02448,monitoring.system,Software,Monitoring Alert,Application Monitoring,
INC8540996,INC8540996,Problem: Unavailable by ICMP ping,2,7,2026-09-20 22:00:12,,2026-09-20 22:13:13,No Intervention Required,,Team14,IC01336,monitoring.system,Network,Connectivity Loss,Network,INC8540869
INC8540995,INC8540995,Problem: Unavailable by ICMP ping,2,7,2026-09-20 22:00:10,,2026-09-20 22:13:10,No Intervention Required,,Team14,IC00972,monitoring.system,Network,Interface Flap,Network,INC8540869
INC8540994,INC8540994,Problem: Unavailable by ICMP ping,2,7,2026-09-20 22:00:08,,2026-09-20 22:13:03,No Intervention Required,,Team14,IC00591,monitoring.system,Network,Interface Flap,Network,INC8540869
INC8540993,INC8540993,Problem: Unavailable by ICMP ping,2,7,2026-09-20 22:00:06,,2026-09-20 22:13:00,No Intervention Required,,Team14,IC05752,monitoring.system,Software,Backup Job Failure,Backup Service,INC8540869
INC8540992,INC8540992,Problem: Unavailable by ICMP ping,2,7,2026-09-20 22:00:04,,2026-09-20 22:12:58,No Intervention Required,,Team14,IC00519,monitoring.system,Network,Interface Flap,Network,INC8540869
INC8540991,INC8540991,Problem: Unavailable by ICMP ping,2,7,2026-09-20 22:00:02,,2026-09-20 22:12:55,No Intervention Required,,Team14,IC05763,monitoring.system,Network,Interface Flap,Network,INC8540869
INC8540990,INC8540990,Problem: Unavailable by ICMP ping,2,7,2026-09-20 22:00:00,,2026-09-20 22:12:48,No Intervention Required,,Team14,IC05753,monitoring.system,Software,Backup Job Failure,Backup Service,INC8540869
INC8540989,INC8540989,Problem: Unavailable by ICMP ping,2,7,2026-09-20 21:59:58,,2026-09-20 22:12:45,No Intervention Required,,Team14,IC00987,monitoring.system,Network,High Latency,Network,INC8540869
INC8540988,INC8540988,Problem: Unavailable by ICMP ping,2,7,2026-09-20 21:59:55,,2026-09-20 22:12:36,No Intervention Required,,Team14,IC00479,monitoring.system,Software,Backup Job Failure,Backup Service,INC8540869
INC8540987,INC8540987,Problem: Unavailable by ICMP ping,2,7,2026-09-20 21:59:53,,2026-09-20 22:12:33,No Intervention Required,,Team14,IC01331,monitoring.system,Network,High Latency,Network,INC8540869
INC8540986,INC8540986,Problem: Unavailable by ICMP ping,2,7,2026-09-20 21:59:51,,2026-09-20 22:12:29,No Intervention Required,,Team14,IC00512,monitoring.system,Network,Connectivity Loss,Network,INC8540869
INC8540985,INC8540985,Problem: Unavailable by ICMP ping,2,7,2026-09-20 21:59:49,,2026-09-20 22:12:24,No Intervention Required,,Team14,IC00592,monitoring.system,Network,Connectivity Loss,Network,INC8540869
INC8540984,INC8540984,Problem: Unavailable by ICMP ping,2,7,2026-09-20 21:59:46,,2026-09-20 22:16:20,No Intervention Required,,Team14,IC04089,monitoring.system,Network,Interface Flap,Network,INC8540869
INC8540983,INC8540983,Problem: Unavailable by ICMP ping,2,7,2026-09-20 21:59:44,,2026-09-20 22:19:19,No Intervention Required,,Team14,IC05751,monitoring.system,Software,Backup Job Failure,Backup Service,INC8540869
INC8540982,INC8540982,Problem: Unavailable by ICMP ping,2,7,2026-09-20 21:59:42,,2026-09-20 22:11:20,No Intervention Required,,Team14,IC01334,monitoring.system,Network,Interface Flap,Network,INC8540869
INC8540981,INC8540981,Problem: Unavailable by ICMP ping,2,7,2026-09-20 21:59:40,,2026-09-20 22:11:27,No Intervention Required,,Team14,IC00541,monitoring.system,Network,Connectivity Loss,Network,INC8540869
INC8540980,INC8540980,Problem: Hank Instalation Recipes::Domains::Domain::IC04228::Activate Created_dmarc_entry,4,7,2026-09-20 21:59:31,,,No Caller Response,,Team11,IC00324,monitoring.system,Software,Site Publishing,Website Builder,
INC8540979,INC8540979,Problem: Unavailable by ICMP ping,2,7,2026-09-20 21:58:54,,2026-09-20 22:11:31,No Intervention Required,,Team14,IC00517,monitoring.system,Software,Backup Job Failure,Backup Service,INC8540869
INC8540978,INC8540978,Problem: Unavailable by ICMP ping,2,7,2026-09-20 21:58:52,,2026-09-20 22:11:41,No Intervention Required,,Team14,IC00478,monitoring.system,Software,Backup Job Failure,Backup Service,INC8540869
INC8540977,INC8540977,Problem: Unavailable by ICMP ping,2,7,2026-09-20 21:58:50,,2026-09-20 22:11:45,No Intervention Required,,Team14,IC01330,monitoring.system,Network,Connectivity Loss,Network,INC8540869
INC8540976,INC8540976,Problem: Check PostgreSQL Replication Master,4,7,2026-09-20 21:58:49,,2026-09-20 22:26:00,No Intervention Required,,Team02,IC01905,monitoring.system,Software,Replication Failure,Database Hosting,
INC8540975,INC8540975,Problem: Unavailable by ICMP ping,2,7,2026-09-20 21:58:48,,2026-09-20 22:12:18,No Intervention Required,,Team14,IC00513,monitoring.system,Network,High Latency,Network,INC8540869
INC8540974,INC8540974,Problem: Unavailable by ICMP ping,2,7,2026-09-20 21:58:46,,2026-09-20 22:12:07,No Intervention Required,,Team14,IC00480,monitoring.system,Software,Backup Job Failure,Backup Service,INC8540869
INC8540973,INC8540973,Problem: Unavailable by ICMP ping,2,7,2026-09-20 21:58:44,,2026-09-20 22:16:13,No Intervention Required,,Team14,IC00971,monitoring.system,Network,Interface Flap,Network,INC8540869
INC8540972,INC8540972,Problem: Unavailable by ICMP ping,2,7,2026-09-20 21:58:37,,2026-09-20 22:11:57,No Intervention Required,,Team14,IC00544,monitoring.system,Network,Interface Flap,Network,INC8540869
INC8540971,INC8540971,Problem: Unavailable by ICMP ping,2,7,2026-09-20 21:52:29,,2026-09-20 22:11:53,No Intervention Required,,Team14,IC00587,monitoring.system,Network,High Latency,Network,INC8540869
INC8540970,INC8540970,Problem: Check Application Monitoring,4,7,2026-09-20 21:51:32,,2026-09-20 21:52:08,No Intervention Required,,Team14,IC02448,monitoring.system,Software,Monitoring Alert,Application Monitoring,
INC8540969,INC8540969,Problem: Check Application Monitoring,4,7,2026-09-20 21:46:51,,2026-09-20 21:47:31,No Intervention Required,,Team14,IC00019,monitoring.system,Software,Health Check Failure,Application Monitoring,
INC8540968,INC8540968,Problem: Check Application Monitoring VIP,4,7,2026-09-20 21:46:49,,2026-09-20 21:52:15,No Intervention Required,,Team14,IC00008,monitoring.system,Software,Monitoring Alert,Application Monitoring,
INC8540967,INC8540967,Problem: Check Application Monitoring,4,7,2026-09-20 21:43:24,,2026-09-20 21:53:24,No Intervention Required,,Team14,IC02447,monitoring.system,Software,Health Check Failure,Application Monitoring,
INC8540963,INC8540963,Problem: Error Backup Full Bacula,3,7,2026-09-20 21:37:28,,2026-09-21 00:11:27,No Intervention Required,,Team14,IC00477,monitoring.system,Software,Backup Job Failure,Backup Service,
INC8540962,INC8540962,Problem: IC06745 - IC01442 - Activation fail: ID: 101842,4,7,2026-09-20 21:36:30,,2026-09-20 21:43:44,No Intervention Required,,Team14,IC04860,monitoring.system,Software,General Support,Shared Hosting,
INC8540961,INC8540961,Problem: Error Backup Full Bacula,3,7,2026-09-20 21:36:28,2026-09-21 00:10:27,,Operating System Failure,Contorno,Team14,IC05764,monitoring.system,Software,Backup Job Failure,Backup Service,INC8540869
INC8540960,INC8540960,Problem: Check Application Monitoring,4,7,2026-09-20 21:36:25,,2026-09-20 21:40:43,No Intervention Required,,Team14,IC01984,monitoring.system,Software,Monitoring Alert,Application Monitoring,
INC8540959,INC8540959,Problem: Unavailable by ICMP ping,2,7,2026-09-20 21:34:39,2026-09-20 21:46:12,2026-09-20 22:03:01,Other,Contorno,Team03,IC00947,monitoring.system,Network,Interface Flap,Network,INC8540913
INC8540958,INC8540958,Problem: Check Application Monitoring,4,7,2026-09-20 21:33:49,,2026-09-20 21:42:57,No Intervention Required,,Team14,IC02761,monitoring.system,Software,Monitoring Alert,Application Monitoring,
INC8540957,INC8540957,Problem: Disk I/O is overloaded on IC00229,4,7,2026-09-20 21:33:46,,2026-09-20 21:37:06,No Intervention Required,,Team14,IC00229,monitoring.system,Software,General Support,Shared Hosting,
INC8540956,INC8540956,Problem: IC06745 - IC01442 - Installation fail: ID: 174141,4,7,2026-09-20 21:32:33,,2026-09-20 21:33:31,No Intervention Required,,Team14,IC04860,monitoring.system,Software,General Support,Shared Hosting,
INC8540955,INC8540955,Problem: Disk I/O is overloaded on IC00271,4,7,2026-09-20 21:32:31,,2026-09-20 21:34:48,No Intervention Required,,Team14,IC00271,monitoring.system,Software,General Support,Shared Hosting,
INC8540954,INC8540954,Problem: Error Backup Inc Bacula,3,7,2026-09-20 21:32:30,2026-09-20 23:42:00,,Operating System Failure,Contorno,Team14,IC01330,monitoring.system,Network,Connectivity Loss,Network,INC8540869
INC8540953,INC8540953,Problem: Check PostgreSQL Replication Slave,4,7,2026-09-20 21:32:05,,2026-09-20 22:10:30,No Intervention Required,,Team14,IC00223,monitoring.system,Software,Database Service Down,Database Hosting,
INC8540951,INC8540951,Problem: Error Backup Inc Bacula,3,7,2026-09-20 21:31:31,2026-09-20 23:24:37,,Operating System Failure,Contorno,Team14,IC01331,monitoring.system,Network,High Latency,Network,INC8540869
INC8540952,INC8540952,Problem: Check Application Monitoring,4,7,2026-09-20 21:31:31,,2026-09-20 21:37:13,No Intervention Required,,Team14,IC02448,monitoring.system,Software,Monitoring Alert,Application Monitoring,
INC8540950,INC8540950,Problem: Error Backup Inc Bacula,3,7,2026-09-20 21:31:29,2026-09-20 23:05:06,,Application Failure,Definitiva,Team14,IC05763,monitoring.system,Network,Interface Flap,Network,INC8540869
INC8540949,INC8540949,Problem: Error Backup Inc Bacula,3,7,2026-09-20 21:31:27,2026-09-20 23:01:34,,Operating System Failure,Definitiva,Team14,IC05765,monitoring.system,Software,Backup Job Failure,Backup Service,INC8540869
INC8540947,INC8540947,Problem: Check Application Monitoring,4,7,2026-09-20 21:19:59,,2026-09-20 21:21:11,No Intervention Required,,Team14,IC00014,monitoring.system,Software,Health Check Failure,Application Monitoring,
INC8540946,INC8540946,Problem: Check Application Monitoring,4,7,2026-09-20 21:19:07,,2026-09-20 21:22:51,No Intervention Required,,Team14,IC02761,monitoring.system,Software,Monitoring Alert,Application Monitoring,
INC8540945,INC8540945,Problem: IOwait grown up CPU queue,4,7,2026-09-20 21:17:38,,2026-09-20 21:45:15,No Intervention Required,,Team14,IC00483,monitoring.system,Hardware,CPU/Memory Threshold,Cloud Servers,
INC8540944,INC8540944,Problem: IOwait grown up CPU queue,4,7,2026-09-20 21:16:47,,2026-09-20 21:43:58,No Intervention Required,,Team14,IC00484,monitoring.system,Software,General Support,Shared Hosting,
INC8540943,INC8540943,Problem: IOwait grown up CPU queue,4,7,2026-09-20 21:16:45,,2026-09-20 21:25:14,No Intervention Required,,Team14,IC00487,monitoring.system,Software,General Support,Shared Hosting,
INC8540942,INC8540942,Problem: IOwait grown up CPU queue,4,7,2026-09-20 21:16:44,,2026-09-20 21:37:15,No Intervention Required,,Team14,IC00481,monitoring.system,Hardware,CPU/Memory Threshold,Cloud Servers,
INC8540941,INC8540941,Problem: IOwait grown up CPU queue,4,7,2026-09-20 21:15:15,,2026-09-20 21:46:29,No Intervention Required,,Team14,IC00229,monitoring.system,Software,General Support,Shared Hosting,
INC8540940,INC8540940,Problem: IOwait grown up CPU queue,4,7,2026-09-20 21:15:13,,2026-09-20 21:44:05,No Intervention Required,,Team14,IC00271,monitoring.system,Software,General Support,Shared Hosting,
INC8540939,INC8540939,Problem: IOwait grown up CPU queue,4,7,2026-09-20 21:13:57,,2026-09-20 21:38:22,No Intervention Required,,Team14,IC00486,monitoring.system,Software,General Support,Shared Hosting,
INC8540938,INC8540938,Problem: IOwait grown up CPU queue,4,7,2026-09-20 21:12:57,,2026-09-20 21:23:52,No Intervention Required,,Team14,IC00975,monitoring.system,Software,General Support,Shared Hosting,
INC8540937,INC8540937,Problem: Disk I/O is overloaded on IC00229,4,7,2026-09-20 21:10:36,,2026-09-20 21:21:12,No Intervention Required,,Team14,IC00229,monitoring.system,Software,General Support,Shared Hosting,
INC8540936,INC8540936,Problem: Disk I/O is overloaded on IC00271,4,7,2026-09-20 21:10:33,,2026-09-20 21:21:15,No Intervention Required,,Team14,IC00271,monitoring.system,Software,General Support,Shared Hosting,
INC8540935,INC8540935,Problem: Disk I/O is overloaded on IC00484,4,7,2026-09-20 21:09:39,,2026-09-20 21:16:42,No Intervention Required,,Team14,IC00484,monitoring.system,Software,General Support,Shared Hosting,
INC8540934,INC8540934,Problem: Disk I/O is overloaded on IC00487,4,7,2026-09-20 21:09:37,,2026-09-20 21:15:06,No Intervention Required,,Team14,IC00487,monitoring.system,Software,General Support,Shared Hosting,
INC8540933,INC8540933,Problem: Disk I/O is overloaded on IC00483,4,7,2026-09-20 21:09:36,,2026-09-20 21:13:46,No Intervention Required,,Team14,IC00483,monitoring.system,Hardware,CPU/Memory Threshold,Cloud Servers,
INC8540932,INC8540932,Problem: Disk I/O is overloaded on IC00481,4,7,2026-09-20 21:09:34,,2026-09-20 21:17:14,No Intervention Required,,Team14,IC00481,monitoring.system,Hardware,CPU/Memory Threshold,Cloud Servers,
INC8540931,INC8540931,Problem: Disk I/O is overloaded on IC00975,4,7,2026-09-20 21:09:31,,2026-09-20 21:14:59,No Intervention Required,,Team14,IC00975,monitoring.system,Software,General Support,Shared Hosting,
INC8540930,INC8540930,Problem: Disk I/O is overloaded on IC00330,4,7,2026-09-20 21:09:25,,2026-09-20 21:13:50,No Intervention Required,,Team14,IC00330,monitoring.system,Software,General Support,Shared Hosting,
INC8540929,INC8540929,Problem: Disk I/O is overloaded on IC00486,4,7,2026-09-20 21:08:24,,2026-09-20 21:28:56,No Intervention Required,,Team14,IC00486,monitoring.system,Software,General Support,Shared Hosting,
INC8540928,INC8540928,Problem: Unavailable by ICMP ping,2,7,2026-09-20 21:06:19,,2026-09-20 22:18:14,No Intervention Required,,Team14,IC05765,monitoring.system,Software,Backup Job Failure,Backup Service,INC8540869
INC8540926,INC8540926,Problem: Check Application Monitoring,4,7,2026-09-20 21:03:45,,2026-09-20 21:07:56,No Intervention Required,,Team14,IC02761,monitoring.system,Software,Monitoring Alert,Application Monitoring,
INC8540925,INC8540925,Problem: Check Application Monitoring,4,7,2026-09-20 21:01:29,,2026-09-20 21:02:13,No Intervention Required,,Team14,IC02448,monitoring.system,Software,Monitoring Alert,Application Monitoring,
INC8540924,INC8540924,Problem: Apache Busy Workers,3,7,2026-09-20 21:00:35,,2026-09-20 21:04:39,No Intervention Required,,Team14,IC00716,monitoring.system,Hardware,CPU/Memory Threshold,Cloud Servers,
INC8540921,INC8540921,Problem: Apache Busy Workers,3,7,2026-09-20 20:53:30,2026-09-20 21:09:18,,Application Failure,Contorno,Team14,IC00314,monitoring.system,Hardware,RAID/Storage Failure,Cloud Servers,
INC8540920,INC8540920,Problem: Check Application Monitoring,4,7,2026-09-20 20:52:51,,2026-09-20 20:53:47,No Intervention Required,,Team14,IC02761,monitoring.system,Software,Monitoring Alert,Application Monitoring,
INC8540919,INC8540919,Problem: Error Backup Full Bacula,3,7,2026-09-20 20:48:28,2026-09-20 21:42:45,,Operating System Failure,Definitiva,Team14,IC00250,monitoring.system,Hardware,Hypervisor Failure,Cloud Servers,
INC8540918,INC8540918,Problem: Check Application Monitoring,4,7,2026-09-20 20:48:24,,2026-09-20 20:48:55,No Intervention Required,,Team14,IC00002,monitoring.system,Software,Health Check Failure,Application Monitoring,
INC8540917,INC8540917,Problem: Check Application Monitoring,4,7,2026-09-20 20:48:20,,2026-09-20 20:48:53,No Intervention Required,,Team14,IC02447,monitoring.system,Software,Health Check Failure,Application Monitoring,
INC8540916,INC8540916,Problem: Check Application Monitoring,4,7,2026-09-20 20:45:55,,2026-09-20 21:00:56,No Intervention Required,,Team14,IC00367,monitoring.system,Software,Monitoring Alert,Application Monitoring,
INC8540913,INC8540913,Problem: Unavailable by ICMP ping,2,7,2026-09-20 20:41:14,2026-09-20 21:45:05,2026-09-20 22:02:56,Other,Contorno,Team03,IC00947,monitoring.system,Network,Interface Flap,Network,
INC8540912,INC8540912,Problem: Apache Busy Workers,3,7,2026-09-20 20:37:58,,2026-09-20 20:42:53,No Intervention Required,,Team14,IC00314,monitoring.system,Hardware,RAID/Storage Failure,Cloud Servers,
INC8540911,INC8540911,Problem: Check Application Monitoring,4,7,2026-09-20 20:33:24,,2026-09-20 20:33:53,No Intervention Required,,Team14,IC02447,monitoring.system,Software,Health Check Failure,Application Monitoring,
INC8540910,INC8540910,Problem: Check Application Monitoring,4,7,2026-09-20 20:32:07,,2026-09-20 20:42:03,No Intervention Required,,Team14,IC02448,monitoring.system,Software,Monitoring Alert,Application Monitoring,
INC8540909,INC8540909,Problem: Check Application Monitoring,4,7,2026-09-20 20:30:00,,2026-09-20 20:30:30,No Intervention Required,,Team14,IC00014,monitoring.system,Software,Health Check Failure,Application Monitoring,
INC8540908,INC8540908,Problem: Check Application Monitoring,4,7,2026-09-20 20:20:39,,2026-09-20 20:36:19,No Intervention Required,,Team14,IC00024,monitoring.system,Software,Health Check Failure,Application Monitoring,
INC8540907,INC8540907,Problem: Check Application Monitoring,4,7,2026-09-20 20:15:57,,2026-09-20 20:30:37,No Intervention Required,,Team14,IC00367,monitoring.system,Software,Monitoring Alert,Application Monitoring,
INC8540906,INC8540906,Problem: Pool: /Common/xpl_lw-req_payment_processor_https has backends off,4,7,2026-09-20 20:14:05,,2026-09-20 20:39:01,No Intervention Required,,Team14,,monitoring.system,Software,General Support,Shared Hosting,
INC8540905,INC8540905,Problem: IOwait grown up CPU queue,4,7,2026-09-20 20:13:49,,2026-09-20 20:29:24,No Intervention Required,,Team14,IC00411,monitoring.system,Software,General Support,Shared Hosting,
INC8540904,INC8540904,Problem: Free disk space is less than 10% on volume /,4,7,2026-09-20 20:10:57,,2026-09-20 20:22:17,No Intervention Required,,Team14,IC00179,monitoring.system,Hardware,RAID/Storage Failure,Cloud Servers,
INC8540903,INC8540903,Problem: Disk I/O is overloaded on IC00411,4,7,2026-09-20 20:07:42,,2026-09-20 20:16:54,No Intervention Required,,Team14,IC00411,monitoring.system,Software,General Support,Shared Hosting,
INC8540902,INC8540902,Problem: Check Application Monitoring,4,7,2026-09-20 20:07:16,,2026-09-20 20:12:05,No Intervention Required,,Team14,IC02448,monitoring.system,Software,Monitoring Alert,Application Monitoring,
INC8540901,INC8540901,Problem: Check Application Monitoring,4,7,2026-09-20 20:06:16,,2026-09-20 20:06:28,No Intervention Required,,Team14,IC00225,monitoring.system,Software,Health Check Failure,Application Monitoring,
INC8540899,INC8540899,Problem: Check Application Monitoring,4,7,2026-09-20 20:03:45,,2026-09-20 20:03:48,No Intervention Required,,Team14,IC00003,monitoring.system,Software,Health Check Failure,Application Monitoring,
INC8540898,INC8540898,[hmw5792] Acesso Web Indisponível,2,7,2026-09-20 20:03:06,2026-09-20 22:23:07,2026-09-20 22:35:28,Operating System Failure,Definitiva,Team14,IC05763,itsm.operator,Network,Interface Flap,Network,INC8540869
INC8540897,INC8540897,Problem: Check Application Monitoring,4,7,2026-09-20 20:02:37,,2026-09-20 20:22:39,No Intervention Required,,Team14,IC01795,monitoring.system,Software,Health Check Failure,Application Monitoring,
INC8540896,INC8540896,Problem: Check Nginx on port 443,3,7,2026-09-20 20:00:08,2026-09-20 20:29:04,,Application Failure,Contorno,Team14,IC01795,monitoring.system,Software,Health Check Failure,Application Monitoring,
INC8540894,INC8540894,Problem: Check Nginx on port 443,3,7,2026-09-20 19:58:46,,2026-09-20 20:26:35,No Intervention Required,,Team14,IC04652,monitoring.system,Network,Connectivity Loss,Network,
INC8540892,INC8540892,Problem: Check Application Monitoring,4,7,2026-09-20 19:55:19,,2026-09-20 19:56:20,No Intervention Required,,Team14,IC00603,monitoring.system,Software,Health Check Failure,Application Monitoring,
INC8540890,INC8540890,Problem: Free disk space is less than 10% on volume /,4,7,2026-09-20 19:51:50,2026-09-21 00:34:33,,Application Failure,Contorno,Team14,IC00168,monitoring.system,Hardware,Disk/Swap Space,Cloud Servers,
INC8540887,INC8540887,Problem: Disk I/O is overloaded on IC00047,4,7,2026-09-20 19:47:16,,2026-09-20 19:50:19,No Intervention Required,,Team14,IC00047,monitoring.system,Software,General Support,Shared Hosting,
INC8540886,INC8540886,Problem: Unavailable by ICMP ping,2,7,2026-09-20 19:43:05,,2026-09-20 22:16:02,No Intervention Required,,Team14,IC00562,monitoring.system,Network,Interface Flap,Network,INC8540869
INC8540885,INC8540885,Problem: Check Application Monitoring,4,7,2026-09-20 19:42:28,,2026-09-20 19:46:47,No Intervention Required,,Team14,IC00008,monitoring.system,Software,Monitoring Alert,Application Monitoring,
INC8540884,INC8540884,Problem: Check Application Monitoring,4,7,2026-09-20 19:37:56,,2026-09-20 19:38:33,No Intervention Required,,Team14,IC02761,monitoring.system,Software,Monitoring Alert,Application Monitoring,
INC8540883,INC8540883,Problem: Processor load is too high > 20%,4,7,2026-09-20 19:36:58,,2026-09-20 22:33:16,No Intervention Required,,Team14,IC00308,monitoring.system,Hardware,Hypervisor Failure,Cloud Servers,
INC8540882,INC8540882,Problem: Check Nginx on port 443,3,7,2026-09-20 19:34:31,,2026-09-20 20:01:14,No Intervention Required,,Team14,IC01652,monitoring.system,Network,High Latency,Network,
INC8540881,INC8540881,Problem: Check Application Monitoring,4,7,2026-09-20 19:34:29,,2026-09-20 20:04:53,No Intervention Required,,Team14,IC01652,monitoring.system,Network,High Latency,Network,
INC8540880,INC8540880,Problem: Free disk space is less than 10% on volume /,4,7,2026-09-20 19:34:27,,2026-09-20 19:36:42,No Intervention Required,,Team14,IC00179,monitoring.system,Hardware,RAID/Storage Failure,Cloud Servers,
INC8540879,INC8540879,Problem: Health Check Monitoring IC00084 is Down,3,7,2026-09-20 19:34:25,,2026-09-20 19:56:18,No Intervention Required,,Team14,IC00084,monitoring.system,Network,High Latency,Network,
INC8540878,INC8540878,Problem: VMs is Running,4,7,2026-09-20 19:33:55,2026-09-20 21:51:51,,Cloud Failure,Contorno,Team14,IC00826,monitoring.system,Software,Service Unavailable,VPS Hosting,
INC8540877,INC8540877,Problem: Check Application Monitoring,4,7,2026-09-20 19:33:25,,2026-09-20 19:33:58,No Intervention Required,,Team14,IC00256,monitoring.system,Software,Monitoring Alert,Application Monitoring,
INC8540876,INC8540876,Problem: Health Check Monitoring IC00083 is Down,3,7,2026-09-20 19:33:15,,2026-09-20 19:56:30,No Intervention Required,,Team14,IC00083,monitoring.system,Network,High Latency,Network,
INC8540875,INC8540875,Problem: Pool: /Common/xpl_lw-ssl_panel_https has insufficient backends (only 0 is UP),2,7,2026-09-20 19:31:26,2026-09-20 19:45:49,2026-09-20 19:50:26,Application Failure,Contorno,Team14,IC00835,monitoring.system,Network,Connectivity Loss,Network,
INC8540874,INC8540874,Problem: Check Application Monitoring,4,7,2026-09-20 19:30:09,,2026-09-20 19:30:41,No Intervention Required,,Team14,IC00367,monitoring.system,Software,Monitoring Alert,Application Monitoring,
INC8540873,INC8540873,Problem: Check Application Monitoring,4,7,2026-09-20 19:30:07,,2026-09-20 19:30:32,No Intervention Required,,Team14,IC00014,monitoring.system,Software,Health Check Failure,Application Monitoring,
INC8540872,INC8540872,Problem: IC06745 - IC01442 - Activation fail: ID: 101842,4,7,2026-09-20 19:24:50,,2026-09-20 19:43:51,No Intervention Required,,Team14,IC04860,monitoring.system,Software,General Support,Shared Hosting,
INC8540871,INC8540871,Problem: Pool: /Common/xpl_lw-sapi_https has insufficient backends (only 2 is UP),2,7,2026-09-20 19:23:09,,2026-09-20 19:34:34,No Intervention Required,,Team14,IC00609,monitoring.system,Network,Connectivity Loss,Network,
INC8540870,INC8540870,Problem: Check Application Monitoring,4,7,2026-09-20 19:23:01,,2026-09-20 19:23:46,No Intervention Required,,Team14,IC00380,monitoring.system,Software,Monitoring Alert,Application Monitoring,
INC8540869,INC8540869,Problem: Unavailable by ICMP ping,2,7,2026-09-20 19:21:25,2026-09-20 22:18:26,2026-09-20 22:35:35,Cloud Failure,Definitiva,Team17,IC05764,monitoring.system,Software,Backup Job Failure,Backup Service,
INC8540868,INC8540868,Problem: IOwait grown up CPU queue,4,7,2026-09-20 19:19:33,,2026-09-20 19:26:07,No Intervention Required,,Team14,IC00558,monitoring.system,Software,Health Check Failure,Application Monitoring,
INC8540867,INC8540867,Problem: Free disk space is less than 10% on volume /,4,7,2026-09-20 19:15:16,2026-09-20 20:51:17,,Application Failure,Contorno,Team14,IC00314,monitoring.system,Hardware,RAID/Storage Failure,Cloud Servers,
INC8540866,INC8540866,Problem: Pool: /Common/xpl_lw-sapi_https has backends off,4,7,2026-09-20 19:14:03,,2026-09-20 19:34:49,No Intervention Required,,Team14,,monitoring.system,Software,General Support,Shared Hosting,
INC8540865,INC8540865,Problem: IOwait grown up CPU queue,4,7,2026-09-20 19:13:49,,2026-09-20 19:47:54,No Intervention Required,,Team14,IC00492,monitoring.system,Hardware,Hypervisor Failure,Cloud Servers,
INC8540863,INC8540863,Problem: Check Application Monitoring,4,7,2026-09-20 19:11:36,,2026-09-20 19:12:16,No Intervention Required,,Team14,IC00008,monitoring.system,Software,Monitoring Alert,Application Monitoring,
INC8540862,INC8540862,Problem: Check Application Monitoring VIP,4,7,2026-09-20 19:11:34,,2026-09-20 19:12:14,No Intervention Required,,Team14,IC00008,monitoring.system,Software,Monitoring Alert,Application Monitoring,
INC8540861,INC8540861,Problem: Disk I/O is overloaded on IC00558,4,7,2026-09-20 19:11:22,,2026-09-20 19:16:54,No Intervention Required,,Team14,IC00558,monitoring.system,Software,Health Check Failure,Application Monitoring,
INC8540860,INC8540860,Problem: Check Application Monitoring,4,7,2026-09-20 19:10:25,,2026-09-20 19:15:43,No Intervention Required,,Team14,IC00367,monitoring.system,Software,Monitoring Alert,Application Monitoring,
INC8540859,INC8540859,Problem: Disk I/O is overloaded on IC00047,4,7,2026-09-20 19:09:17,,2026-09-20 19:35:15,No Intervention Required,,Team14,IC00047,monitoring.system,Software,General Support,Shared Hosting,
INC8540858,INC8540858,Problem: Disk I/O is overloaded on IC00492,4,7,2026-09-20 19:09:07,,2026-09-20 19:36:26,No Intervention Required,,Team14,IC00492,monitoring.system,Hardware,Hypervisor Failure,Cloud Servers,
INC8540857,INC8540857,Problem: Disk I/O is overloaded on IC00493,4,7,2026-09-20 19:08:09,,2026-09-20 19:11:02,No Intervention Required,,Team14,IC00493,monitoring.system,Software,General Support,Shared Hosting,
INC8540856,INC8540856,Erro na contagem no painel de e-mail,3,7,2026-09-20 19:02:54,2026-09-20 19:43:20,,Application Failure,Contorno,Team11,IC01742,itsm.operator,Software,General Support,Shared Hosting,
INC8540855,INC8540855,Problem: Check Application Monitoring,4,7,2026-09-20 19:00:03,,2026-09-20 19:00:31,No Intervention Required,,Team14,IC00014,monitoring.system,Software,Health Check Failure,Application Monitoring,
INC8540853,INC8540853,Problem: IC06745 - IC01442 - Installation fail: ID: 174141,4,7,2026-09-20 18:56:28,,2026-09-20 19:48:24,No Intervention Required,,Team14,IC04860,monitoring.system,Software,General Support,Shared Hosting,
INC8540850,INC8540850,Problem: Check Application Monitoring,4,7,2026-09-20 18:55:15,,2026-09-20 19:20:09,No Intervention Required,,Team14,IC01162,monitoring.system,Software,Health Check Failure,Application Monitoring,
INC8540849,INC8540849,Problem: Check Nginx on port 443,3,7,2026-09-20 18:53:59,,2026-09-20 19:19:06,No Intervention Required,,Team14,IC01162,monitoring.system,Software,Health Check Failure,Application Monitoring,
INC8540846,INC8540846,Problem: Check Application Monitoring,4,7,2026-09-20 18:48:14,,2026-09-20 18:48:51,No Intervention Required,,Team14,IC00002,monitoring.system,Software,Health Check Failure,Application Monitoring,
INC8540845,INC8540845,Problem: Check Status URL: https://coreapiIC04172smtplwIC04172comIC04172br/,4,7,2026-09-20 18:45:58,,2026-09-20 18:46:32,No Intervention Required,,Team14,IC00019,monitoring.system,Software,Health Check Failure,Application Monitoring,
INC8540844,INC8540844,Problem: Check Status URL: https://coreapiIC04172smtplwIC04172comIC04172br/,4,7,2026-09-20 18:45:55,,2026-09-20 18:46:31,No Intervention Required,,Team14,IC00008,monitoring.system,Software,Monitoring Alert,Application Monitoring,
INC8540843,INC8540843,Problem: Postfix-Bounce with 2000 messages on IC00925,3,7,2026-09-20 18:41:37,,2026-09-20 18:42:44,No Intervention Required,,Team05,IC00925,monitoring.system,Software,Mailbox Access,Email Hosting,
INC8540842,INC8540842,Problem: Postfix-Bounce with 2000 messages on IC05766,3,7,2026-09-20 18:41:35,,2026-09-20 18:42:50,No Intervention Required,,Team05,IC05766,monitoring.system,Software,Mailbox Access,Email Hosting,
INC8540841,INC8540841,Problem: Postfix-Bounce with 2000 messages on IC00926,3,7,2026-09-20 18:41:33,,2026-09-20 18:42:34,No Intervention Required,,Team05,IC00926,monitoring.system,Software,Mail Sync Failure,Email Hosting,
INC8540840,INC8540840,Problem: Check Application Monitoring,4,7,2026-09-20 18:41:23,,2026-09-20 19:06:34,No Intervention Required,,Team14,IC00523,monitoring.system,Software,Health Check Failure,Application Monitoring,
INC8540839,INC8540839,Problem: Check Application Monitoring,4,7,2026-09-20 18:40:13,,2026-09-20 18:45:27,No Intervention Required,,Team14,IC00367,monitoring.system,Software,Monitoring Alert,Application Monitoring,
INC8540837,INC8540837,Problem: Check Nginx on port 443,3,7,2026-09-20 18:36:48,,2026-09-20 20:19:36,No Intervention Required,,Team14,IC00523,monitoring.system,Software,Health Check Failure,Application Monitoring,
INC8540835,INC8540835,Problem: Check Application Monitoring,4,7,2026-09-20 18:33:23,,2026-09-20 18:38:39,No Intervention Required,,Team14,IC02447,monitoring.system,Software,Health Check Failure,Application Monitoring,
INC8540834,INC8540834,Problem: Check Application Monitoring,4,7,2026-09-20 18:29:56,,2026-09-20 18:30:37,No Intervention Required,,Team14,IC00014,monitoring.system,Software,Health Check Failure,Application Monitoring,
INC8540833,INC8540833,Problem: Free disk space is less than 10% on volume /,4,7,2026-09-20 18:23:29,2026-09-20 20:49:34,,Application Failure,Contorno,Team14,IC00125,monitoring.system,Hardware,Disk/Swap Space,Cloud Servers,
INC8540832,INC8540832,Problem: IOwait grown up CPU queue,4,7,2026-09-20 18:22:39,,2026-09-20 18:42:06,No Intervention Required,,Team14,IC00495,monitoring.system,Software,General Support,Shared Hosting,
INC8540831,INC8540831,Problem: IOwait grown up CPU queue,4,7,2026-09-20 18:21:23,,2026-09-20 18:42:03,No Intervention Required,,Team14,IC00053,monitoring.system,Software,General Support,Shared Hosting,
INC8540830,INC8540830,Problem: Disk I/O is overloaded on IC00495,4,7,2026-09-20 18:19:15,,2026-09-20 18:19:57,No Intervention Required,,Team14,IC00495,monitoring.system,Software,General Support,Shared Hosting,
INC8540829,INC8540829,Problem: IOwait grown up CPU queue,4,7,2026-09-20 18:18:10,,2026-09-20 18:53:42,No Intervention Required,,Team14,IC00496,monitoring.system,Software,General Support,Shared Hosting,
INC8540828,INC8540828,Falha de adicional no painel,3,7,2026-09-20 18:17:46,2026-09-20 18:35:16,,Application Failure,Contorno,Team11,IC00604,itsm.operator,Software,Commercial Request,Shared Hosting,INC8540762
INC8540827,INC8540827,Problem: IOwait grown up CPU queue,4,7,2026-09-20 18:14:29,,,No Intervention Required,,Team14,IC00054,monitoring.system,Software,General Support,Shared Hosting,
INC8540826,INC8540826,Problem: Check Apache on port 443,3,7,2026-09-20 18:13:27,2026-09-20 18:22:17,,Application Failure,Contorno,Team14,IC02760,monitoring.system,Software,Monitoring Alert,Application Monitoring,
INC8540825,INC8540825,Problem: Disk I/O is overloaded on IC00497,4,7,2026-09-20 18:13:25,,2026-09-20 18:14:16,No Intervention Required,,Team14,IC00497,monitoring.system,Software,General Support,Shared Hosting,
INC8540824,INC8540824,Problem: IOwait grown up CPU queue,4,7,2026-09-20 18:13:23,,2026-09-20 20:32:52,No Intervention Required,,Team14,IC00498,monitoring.system,Hardware,Hypervisor Failure,Cloud Servers,
INC8540823,INC8540823,Problem: Disk I/O is overloaded on IC00053,4,7,2026-09-20 18:13:15,,2026-09-20 18:32:53,No Intervention Required,,Team14,IC00053,monitoring.system,Software,General Support,Shared Hosting,
INC8540822,INC8540822,Problem: Check Application Monitoring,4,7,2026-09-20 18:12:15,,2026-09-20 18:16:34,No Intervention Required,,Team14,IC00008,monitoring.system,Software,Monitoring Alert,Application Monitoring,
INC8540821,INC8540821,Problem: Pool: /Common/xpl_lw-criador-de-sites-api_https has backends off,4,7,2026-09-20 18:11:41,,2026-09-20 18:17:18,No Intervention Required,,Team14,,monitoring.system,Software,General Support,Shared Hosting,
INC8540820,INC8540820,Problem: Check Application Monitoring,4,7,2026-09-20 18:11:09,,2026-09-20 18:21:14,No Intervention Required,,Team14,IC02760,monitoring.system,Software,Monitoring Alert,Application Monitoring,
INC8540819,INC8540819,Problem: Disk I/O is overloaded on IC00496,4,7,2026-09-20 18:11:07,,2026-09-20 18:47:44,No Intervention Required,,Team14,IC00496,monitoring.system,Software,General Support,Shared Hosting,
INC8540818,INC8540818,Problem: Disk I/O is overloaded on IC00054,4,7,2026-09-20 18:11:03,,,No Intervention Required,,Team14,IC00054,monitoring.system,Software,General Support,Shared Hosting,
INC8540817,INC8540817,Problem: Disk I/O is overloaded on IC00500,4,7,2026-09-20 18:11:02,,2026-09-20 18:34:06,No Intervention Required,,Team14,IC00500,monitoring.system,Software,General Support,Shared Hosting,
INC8540816,INC8540816,Problem: Check Application Monitoring,4,7,2026-09-20 18:11:00,,2026-09-20 18:15:21,No Intervention Required,,Team14,IC00367,monitoring.system,Software,Monitoring Alert,Application Monitoring,
INC8540815,INC8540815,Problem: Check Application Monitoring,4,7,2026-09-20 18:10:05,,2026-09-20 18:10:34,No Intervention Required,,Team14,IC00014,monitoring.system,Software,Health Check Failure,Application Monitoring,
INC8540814,INC8540814,Problem: Disk I/O is overloaded on IC00501,4,7,2026-09-20 18:08:51,,2026-09-20 18:37:29,No Intervention Required,,Team14,IC00501,monitoring.system,Software,General Support,Shared Hosting,
INC8540813,INC8540813,Problem: Disk I/O is overloaded on IC00498,4,7,2026-09-20 18:08:50,,2026-09-20 20:28:22,No Intervention Required,,Team14,IC00498,monitoring.system,Hardware,Hypervisor Failure,Cloud Servers,
INC8540810,INC8540810,Problem: Error Backup Full Bacula,3,7,2026-09-20 17:57:14,2026-09-20 18:14:43,,Caused By Customer,Contorno,Team14,IC03691,monitoring.system,Software,Backup Job Failure,Backup Service,
INC8540809,INC8540809,Problem: Postfix-Bounce with 2000 messages on IC05766,3,7,2026-09-20 17:50:32,2026-09-20 18:31:42,,Application Failure,Definitiva,Team05,IC05766,monitoring.system,Software,Mailbox Access,Email Hosting,INC8540805
INC8540808,INC8540808,Problem: Check Application Monitoring,4,7,2026-09-20 17:50:05,,2026-09-20 17:50:31,No Intervention Required,,Team14,IC00014,monitoring.system,Software,Health Check Failure,Application Monitoring,
INC8540807,INC8540807,Problem: Apache Busy Workers,3,7,2026-09-20 17:49:36,,2026-09-20 17:54:38,No Intervention Required,,Team14,IC00173,monitoring.system,Hardware,Disk/Swap Space,Cloud Servers,
INC8540806,INC8540806,Problem: Postfix-Bounce with 2000 messages on IC00925,3,7,2026-09-20 17:49:34,2026-09-20 18:31:42,,Application Failure,Definitiva,Team05,IC00925,monitoring.system,Software,Mailbox Access,Email Hosting,INC8540805
INC8540805,INC8540805,Problem: Postfix-Bounce with 2000 messages on IC00926,3,7,2026-09-20 17:49:32,2026-09-20 18:31:42,,Application Failure,Definitiva,Team05,IC00926,monitoring.system,Software,Mail Sync Failure,Email Hosting,
INC8540803,INC8540803,Problem: Check Application Monitoring,4,7,2026-09-20 17:41:59,,2026-09-20 17:47:14,No Intervention Required,,Team14,IC00008,monitoring.system,Software,Monitoring Alert,Application Monitoring,
INC8540801,INC8540801,Problem: Apache Busy Workers,3,7,2026-09-20 17:39:17,,2026-09-20 17:44:34,No Intervention Required,,Team14,IC00373,monitoring.system,Hardware,Disk/Swap Space,Cloud Servers,
INC8540800,INC8540800,Problem: Free disk space is less than 10% on volume /,4,7,2026-09-20 17:39:15,2026-09-20 18:36:59,,Application Failure,Contorno,Team14,IC00374,monitoring.system,Hardware,RAID/Storage Failure,Cloud Servers,
INC8540799,INC8540799,Problem: Free disk space is less than 10% on volume /,4,7,2026-09-20 17:35:04,2026-09-20 18:29:39,,Application Failure,Contorno,Team14,IC00041,monitoring.system,Hardware,Disk/Swap Space,Cloud Servers,
INC8540798,INC8540798,Problem: Check Apache on port 443,3,7,2026-09-20 17:33:54,,2026-09-20 17:57:43,No Intervention Required,,Team14,IC00729,monitoring.system,Network,Connectivity Loss,Network,
INC8540796,INC8540796,Problem: Check Application Monitoring,4,7,2026-09-20 17:28:05,,2026-09-20 17:28:49,No Intervention Required,,Team14,IC02761,monitoring.system,Software,Monitoring Alert,Application Monitoring,
INC8540795,INC8540795,Problem: Free disk space is less than 10% on volume /,4,7,2026-09-20 17:24:53,,2026-09-20 17:32:38,No Intervention Required,,Team14,IC00138,monitoring.system,Hardware,RAID/Storage Failure,Cloud Servers,
INC8540794,INC8540794,Problem: Free disk space is less than 10% on volume /,4,7,2026-09-20 17:24:45,,2026-09-20 17:32:48,No Intervention Required,,Team14,IC00125,monitoring.system,Hardware,Disk/Swap Space,Cloud Servers,
INC8540793,INC8540793,Problem: Apache Busy Workers,3,7,2026-09-20 17:21:51,,2026-09-20 17:37:05,No Intervention Required,,Team14,IC00072,monitoring.system,Software,Service Port Down,Shared Hosting,
INC8540791,INC8540791,Problem: Apache Busy Workers,3,7,2026-09-20 17:20:28,,2026-09-20 17:25:34,No Intervention Required,,Team14,IC00654,monitoring.system,Hardware,Hypervisor Failure,Cloud Servers,
INC8540790,INC8540790,Problem: Apache Busy Workers,3,7,2026-09-20 17:20:22,,2026-09-20 17:25:31,No Intervention Required,,Team14,IC00716,monitoring.system,Hardware,CPU/Memory Threshold,Cloud Servers,
INC8540789,INC8540789,Problem: Check Application Monitoring,4,7,2026-09-20 17:20:08,,2026-09-20 17:20:42,No Intervention Required,,Team14,IC00014,monitoring.system,Software,Health Check Failure,Application Monitoring,
INC8540788,INC8540788,Problem: Apache Busy Workers,3,7,2026-09-20 17:16:07,,2026-09-20 17:16:43,No Intervention Required,,Team14,IC00969,monitoring.system,Hardware,CPU/Memory Threshold,Cloud Servers,
INC8540787,INC8540787,Problem: Check Application Monitoring,4,7,2026-09-20 17:15:35,,2026-09-20 17:16:18,No Intervention Required,,Team14,IC00042,monitoring.system,Software,Monitoring Alert,Application Monitoring,
INC8540786,INC8540786,Problem: Check Apache on port 443,3,7,2026-09-20 17:14:25,,2026-09-20 17:57:41,No Intervention Required,,Team14,IC02760,monitoring.system,Software,Monitoring Alert,Application Monitoring,
INC8540783,INC8540783,Problem: Check Application Monitoring,4,7,2026-09-20 17:10:44,,2026-09-20 17:56:20,No Intervention Required,,Team14,IC02760,monitoring.system,Software,Monitoring Alert,Application Monitoring,
INC8540782,INC8540782,Problem: Pool: /Common/xpl_lw-criador-de-sites-api_https has backends off,4,7,2026-09-20 17:10:08,2026-09-20 17:55:43,,Application Failure,Contorno,Team14,IC01971,monitoring.system,Software,Service Unavailable,VPS Hosting,
INC8540780,INC8540780,Problem: Check Application Monitoring,4,7,2026-09-20 16:57:31,,2026-09-20 17:02:13,No Intervention Required,,Team14,IC00019,monitoring.system,Software,Health Check Failure,Application Monitoring,
INC8540778,INC8540778,Problem: Check Application Monitoring,4,7,2026-09-20 16:53:01,,2026-09-20 16:58:34,No Intervention Required,,Team14,IC02761,monitoring.system,Software,Monitoring Alert,Application Monitoring,
INC8540777,INC8540777,Problem: Check Application Monitoring VIP,4,7,2026-09-20 16:51:52,,2026-09-20 16:52:32,No Intervention Required,,Team14,IC00019,monitoring.system,Software,Health Check Failure,Application Monitoring,
INC8540775,INC8540775,Problem: Check Apache on port 443,3,7,2026-09-20 16:44:57,2026-09-20 17:07:16,,Application Failure,Contorno,Team14,IC05151,monitoring.system,Network,Interface Flap,Network,
INC8540774,INC8540774,Problem: Free disk space is less than 10% on volume /,4,7,2026-09-20 16:39:34,,2026-09-20 16:49:19,No Intervention Required,,Team14,IC00179,monitoring.system,Hardware,RAID/Storage Failure,Cloud Servers,
INC8540773,INC8540773,Problem: Check Service on port 80 isn't running,3,7,2026-09-20 16:39:04,2026-09-20 17:10:40,,Application Failure,,Team14,IC05007,monitoring.system,Software,Certificate/TLS Issue,Shared Hosting,INC8540772
INC8540772,INC8540772,Problem: Check Service on port 443 isn't running,3,7,2026-09-20 16:39:02,2026-09-20 17:09:51,,Application Failure,Contorno,Team14,IC05007,monitoring.system,Software,Certificate/TLS Issue,Shared Hosting,
INC8540770,INC8540770,Problem: Check Application Monitoring,4,7,2026-09-20 16:29:59,,2026-09-20 16:30:33,No Intervention Required,,Team14,IC00014,monitoring.system,Software,Health Check Failure,Application Monitoring,
INC8540769,INC8540769,Problem: Check Application Monitoring VIP,4,7,2026-09-20 16:27:35,,2026-09-20 16:31:47,No Intervention Required,,Team14,IC00019,monitoring.system,Software,Health Check Failure,Application Monitoring,
INC8540768,INC8540768,Problem: Check Application Monitoring VIP,4,7,2026-09-20 16:26:36,,2026-09-20 16:27:12,No Intervention Required,,Team14,IC00008,monitoring.system,Software,Monitoring Alert,Application Monitoring,
INC8540767,INC8540767,Problem: Check Application Monitoring,4,7,2026-09-20 16:26:34,,2026-09-20 16:31:49,No Intervention Required,,Team14,IC02448,monitoring.system,Software,Monitoring Alert,Application Monitoring,
INC8540765,INC8540765,Problem: Apache Busy Workers,3,7,2026-09-20 16:20:32,,2026-09-20 16:24:51,No Intervention Required,,Team14,IC00716,monitoring.system,Hardware,CPU/Memory Threshold,Cloud Servers,
INC8540762,INC8540762,Falha ao alterar tamanho da caixa postal (dangelovidal),3,7,2026-09-20 16:13:17,2026-09-20 18:02:35,,Application Failure,Contorno,Team11,IC00685,itsm.operator,Software,DNS Zone Management,Domain Registration,
INC8540761,INC8540761,Problem: Check Application Monitoring,4,7,2026-09-20 16:12:32,,2026-09-20 16:16:54,No Intervention Required,,Team14,IC00008,monitoring.system,Software,Monitoring Alert,Application Monitoring,
INC8540760,INC8540760,Problem: Check Application Monitoring,4,7,2026-09-20 16:08:03,,2026-09-20 16:08:38,No Intervention Required,,Team14,IC00002,monitoring.system,Software,Health Check Failure,Application Monitoring,
INC8540759,INC8540759,Problem: Free inodes is less than 10% on volume /,4,7,2026-09-20 16:07:50,,2026-09-20 16:23:07,No Intervention Required,,Team14,IC01283,monitoring.system,Software,Service Port Down,Shared Hosting,
INC8540757,INC8540757,Problem: Free disk space is less than 10% on volume /,4,7,2026-09-20 16:05:10,,2026-09-20 16:23:05,No Intervention Required,,Team14,IC01283,monitoring.system,Software,Service Port Down,Shared Hosting,
INC8540754,INC8540754,Problem: Apache Busy Workers,3,7,2026-09-20 15:58:34,,2026-09-20 16:08:20,No Intervention Required,,Team14,IC00671,monitoring.system,Hardware,Hypervisor Failure,Cloud Servers,
INC8540751,INC8540751,Problem: Check Application Monitoring,4,7,2026-09-20 15:50:50,,2026-09-20 16:00:39,No Intervention Required,,Team14,IC00014,monitoring.system,Software,Health Check Failure,Application Monitoring,
INC8540750,INC8540750,Problem: Check: MySQL Type: tcp on Port: 3306 Not Running,2,7,2026-09-20 15:49:34,2026-09-20 16:00:48,2026-09-20 16:01:29,Operating System Failure,Contorno,Team14,IC01653,monitoring.system,Hardware,Hypervisor Failure,Cloud Servers,
INC8540749,INC8540749,Problem: Free disk space is less than 10% on volume /,4,7,2026-09-20 15:45:23,,2026-09-20 16:15:44,No Intervention Required,,Team14,IC00041,monitoring.system,Hardware,Disk/Swap Space,Cloud Servers,
INC8540748,INC8540748,Problem: Free Disk Space is less than 10% on volume /home/storage,4,7,2026-09-20 15:45:20,,,Storage Failure,Contorno,Team09,IC00184,monitoring.system,Hardware,RAID/Storage Failure,Cloud Servers,
INC8540746,INC8540746,Problem: Check Application Monitoring,4,7,2026-09-20 15:38:24,,2026-09-20 15:38:55,No Intervention Required,,Team14,IC02447,monitoring.system,Software,Health Check Failure,Application Monitoring,
INC8540745,INC8540745,Problem: Check Application Monitoring,4,7,2026-09-20 15:38:23,,2026-09-20 15:38:54,No Intervention Required,,Team14,IC00002,monitoring.system,Software,Health Check Failure,Application Monitoring,
INC8540740,INC8540740,Problem: Check Application Monitoring VIP,4,7,2026-09-20 15:21:52,,2026-09-20 15:22:35,No Intervention Required,,Team14,IC00019,monitoring.system,Software,Health Check Failure,Application Monitoring,
INC8540739,INC8540739,Problem: Check Application Monitoring,4,7,2026-09-20 15:21:51,,2026-09-20 15:22:33,No Intervention Required,,Team14,IC00019,monitoring.system,Software,Health Check Failure,Application Monitoring,
INC8540736,INC8540736,Problem: Check PostgreSQL Replication Slave,4,7,2026-09-20 15:07:44,,2026-09-20 15:27:27,No Intervention Required,,Team14,IC00087,monitoring.system,Software,Replication Failure,Database Hosting,
INC8540735,INC8540735,Problem: Check Application Monitoring,4,7,2026-09-20 15:03:33,,2026-09-20 15:03:46,No Intervention Required,,Team14,IC02761,monitoring.system,Software,Monitoring Alert,Application Monitoring,
INC8540733,INC8540733,Problem: Check Application Monitoring,4,7,2026-09-20 15:01:22,,2026-09-20 15:01:26,No Intervention Required,,Team14,IC02448,monitoring.system,Software,Monitoring Alert,Application Monitoring,
INC8540732,INC8540732,Problem: Check Application Monitoring,4,7,2026-09-20 15:00:06,,2026-09-20 15:00:15,No Intervention Required,,Team14,IC00014,monitoring.system,Software,Health Check Failure,Application Monitoring,
INC8540731,INC8540731,Problem: Check Application Monitoring,4,7,2026-09-20 14:58:58,,2026-09-20 14:59:56,No Intervention Required,,Team14,IC00224,monitoring.system,Software,Health Check Failure,Application Monitoring,
INC8540730,INC8540730,Problem: Check PostgreSQL Replication Slave,4,7,2026-09-20 14:56:41,,2026-09-20 16:04:29,No Intervention Required,,Team14,IC04245,monitoring.system,Software,Replication Failure,Database Hosting,
INC8540728,INC8540728,Problem: Disk I/O is overloaded on IC00069,4,7,2026-09-20 14:55:31,,2026-09-20 14:58:47,No Intervention Required,,Team14,IC00069,monitoring.system,Software,General Support,Shared Hosting,
INC8540727,INC8540727,Problem: Check PostgreSQL Replication Master,4,7,2026-09-20 14:53:18,,2026-09-20 15:20:32,No Intervention Required,,Team14,IC00351,monitoring.system,Software,Database Service Down,Database Hosting,
INC8540726,INC8540726,Problem: Check Application Monitoring,4,7,2026-09-20 14:53:09,,2026-09-20 14:53:48,No Intervention Required,,Team14,IC00003,monitoring.system,Software,Health Check Failure,Application Monitoring,
INC8540725,INC8540725,Problem: Mailqueue SF_Outbound,3,7,2026-09-20 14:47:18,2026-09-20 16:25:48,,Caused By Customer,Definitiva,Team14,IC01473,monitoring.system,Network,High Latency,Network,
INC8540724,INC8540724,Problem: Free disk space is less than 10% on volume /,4,7,2026-09-20 14:45:09,,2026-09-20 16:45:57,No Intervention Required,,Team14,IC00143,monitoring.system,Hardware,Disk/Swap Space,Cloud Servers,
INC8540723,INC8540723,Problem: Check PostgreSQL Replication Slave,4,7,2026-09-20 14:44:26,,2026-09-20 14:59:22,No Intervention Required,,Team14,IC00087,monitoring.system,Software,Replication Failure,Database Hosting,
INC8540722,INC8540722,Problem: Free disk space is less than 10% on volume /,4,7,2026-09-20 14:43:43,2026-09-20 15:04:38,,Application Failure,Contorno,Team14,IC00459,monitoring.system,Hardware,RAID/Storage Failure,Cloud Servers,
INC8540720,INC8540720,Problem: Disk I/O is overloaded on IC00048,4,7,2026-09-20 14:40:16,,2026-09-20 14:41:00,No Intervention Required,,Team14,IC00048,monitoring.system,Software,Health Check Failure,Application Monitoring,
INC8540719,INC8540719,Problem: Disk I/O is overloaded on IC00048,4,7,2026-09-20 14:29:55,,2026-09-20 14:30:33,No Intervention Required,,Team14,IC00048,monitoring.system,Software,Health Check Failure,Application Monitoring,
INC8540718,INC8540718,Problem: Check Application Monitoring,4,7,2026-09-20 14:29:53,,2026-09-20 14:30:35,No Intervention Required,,Team14,IC00014,monitoring.system,Software,Health Check Failure,Application Monitoring,
INC8540717,INC8540717,Problem: Check Application Monitoring,4,7,2026-09-20 14:29:51,,2026-09-20 14:44:45,No Intervention Required,,Team14,IC00048,monitoring.system,Software,Health Check Failure,Application Monitoring,
INC8540716,INC8540716,Problem: Perf Teste Asp - Web Test Fail,2,7,2026-09-20 14:29:10,,2026-09-20 14:41:29,No Intervention Required,,Team14,IC02092,monitoring.system,Software,Service Unavailable,VPS Hosting,
INC8540715,INC8540715,Problem: Check Application Monitoring,4,7,2026-09-20 14:26:19,2026-09-20 14:48:38,,Application Failure,Contorno,Team14,IC00024,monitoring.system,Software,Health Check Failure,Application Monitoring,
INC8540714,INC8540714,Problem: Check Application Monitoring,4,7,2026-09-20 14:22:56,,2026-09-20 14:23:34,No Intervention Required,,Team14,IC02761,monitoring.system,Software,Monitoring Alert,Application Monitoring,
INC8540713,INC8540713,Divergência no armazenamento [resultado@agroanaliseIC04172comIC04172br],3,7,2026-09-20 14:22:23,2026-09-20 15:04:52,,Application Failure,Contorno,Team05,IC05192,itsm.operator,Software,Mail Sync Failure,Email Hosting,
INC8540712,INC8540712,Problem: Check Application Monitoring,4,7,2026-09-20 14:20:41,,2026-09-20 14:21:23,No Intervention Required,,Team14,IC01984,monitoring.system,Software,Monitoring Alert,Application Monitoring,
INC8540711,INC8540711,Problem: Check Application Monitoring,4,7,2026-09-20 14:18:26,,2026-09-20 14:19:06,No Intervention Required,,Team14,IC00002,monitoring.system,Software,Health Check Failure,Application Monitoring,
INC8540710,INC8540710,Problem: Check Application Monitoring,4,7,2026-09-20 14:16:07,,2026-09-20 14:16:48,No Intervention Required,,Team14,IC00075,monitoring.system,Software,Monitoring Alert,Application Monitoring,
INC8540708,INC8540708,Problem: Free disk space is less than 10% on volume /,4,7,2026-09-20 14:13:26,2026-09-20 14:54:55,,Application Failure,Contorno,Team14,IC00283,monitoring.system,Hardware,Disk/Swap Space,Cloud Servers,
INC8540707,INC8540707,Problem: Free disk space is less than 10% on volume /,4,7,2026-09-20 14:12:05,2026-09-20 14:56:44,,Application Failure,Contorno,Team14,IC00121,monitoring.system,Hardware,RAID/Storage Failure,Cloud Servers,
INC8540706,INC8540706,Problem: Disk I/O is overloaded on IC00069,4,7,2026-09-20 14:10:22,,2026-09-20 14:49:20,No Intervention Required,,Team14,IC00069,monitoring.system,Software,General Support,Shared Hosting,
INC8540705,INC8540705,Problem: IC06745 - IC01442 - Servers with Hypervisor error: 130851,4,7,2026-09-20 14:05:52,,2026-09-20 14:10:56,No Intervention Required,,Team14,IC04860,monitoring.system,Software,General Support,Shared Hosting,INC8540311
INC8540701,INC8540701,Problem: Check Application Monitoring,4,7,2026-09-20 13:59:52,,2026-09-20 14:00:36,No Intervention Required,,Team14,IC00014,monitoring.system,Software,Health Check Failure,Application Monitoring,
INC8540700,INC8540700,Problem: IC06745 - IC01442 - Servidores com erro no Hypervisor: 130851,4,7,2026-09-20 13:58:52,,2026-09-20 14:03:51,No Intervention Required,,Team14,IC04860,monitoring.system,Software,General Support,Shared Hosting,
INC8540698,INC8540698,Problem: Check Application Monitoring,4,7,2026-09-20 13:56:28,,2026-09-20 13:57:04,No Intervention Required,,Team14,IC02448,monitoring.system,Software,Monitoring Alert,Application Monitoring,
INC8540697,INC8540697,Problem: Apache Busy Workers,3,7,2026-09-20 13:55:29,,2026-09-20 14:00:49,No Intervention Required,,Team14,IC00250,monitoring.system,Hardware,Hypervisor Failure,Cloud Servers,
INC8540696,INC8540696,[AEP] Falha na renovação do certificado,3,7,2026-09-20 13:54:24,2026-09-20 15:23:12,2026-09-20 16:01:50,Application Failure,Contorno,Team11,IC01012,itsm.operator,Software,General Support,Shared Hosting,
INC8540694,INC8540694,Problem: Check Application Monitoring,4,7,2026-09-20 13:51:50,,2026-09-20 13:52:29,No Intervention Required,,Team14,IC00008,monitoring.system,Software,Monitoring Alert,Application Monitoring,
INC8540692,INC8540692,Problem: IC06745 - IC01442 - Servers with Hypervisor error: 130851,4,7,2026-09-20 13:45:53,,2026-09-20 13:55:53,No Intervention Required,,Team14,IC04860,monitoring.system,Software,General Support,Shared Hosting,
INC8540691,INC8540691,Problem: Check Apache on port 443,3,7,2026-09-20 13:44:55,,2026-09-20 14:12:09,No Intervention Required,,Team14,IC05151,monitoring.system,Network,Interface Flap,Network,
INC8540689,INC8540689,Problem: Check Application Monitoring,4,7,2026-09-20 13:40:20,,2026-09-20 13:41:01,No Intervention Required,,Team14,IC00559,monitoring.system,Software,Monitoring Alert,Application Monitoring,
INC8540687,INC8540687,Problem: Check Application Monitoring,4,7,2026-09-20 13:38:06,,2026-09-20 13:38:36,No Intervention Required,,Team14,IC02761,monitoring.system,Software,Monitoring Alert,Application Monitoring,
INC8540686,INC8540686,Problem: Check Application Monitoring,4,7,2026-09-20 13:38:05,,2026-09-20 13:38:44,No Intervention Required,,Team14,IC00002,monitoring.system,Software,Health Check Failure,Application Monitoring,
INC8540685,INC8540685,Problem: Check Application Monitoring VIP,4,7,2026-09-20 13:36:59,,2026-09-20 13:37:29,No Intervention Required,,Team14,IC00019,monitoring.system,Software,Health Check Failure,Application Monitoring,
INC8540684,INC8540684,Problem: Check Application Monitoring,4,7,2026-09-20 13:35:53,,2026-09-20 13:36:23,No Intervention Required,,Team14,IC01984,monitoring.system,Software,Monitoring Alert,Application Monitoring,
INC8540683,INC8540683,Problem: Check Application Monitoring,4,7,2026-09-20 13:31:15,,2026-09-20 13:55:56,No Intervention Required,,Team14,IC00024,monitoring.system,Software,Health Check Failure,Application Monitoring,
INC8540682,INC8540682,Problem: Check Application Monitoring,4,7,2026-09-20 13:30:06,,2026-09-20 13:30:45,No Intervention Required,,Team14,IC00014,monitoring.system,Software,Health Check Failure,Application Monitoring,
INC8540680,INC8540680,Problem: Check Application Monitoring VIP,4,7,2026-09-20 13:22:05,,2026-09-20 13:22:40,No Intervention Required,,Team14,IC00019,monitoring.system,Software,Health Check Failure,Application Monitoring,
INC8540679,INC8540679,Problem: Check Application Monitoring,4,7,2026-09-20 13:22:03,,2026-09-20 13:22:38,No Intervention Required,,Team14,IC00019,monitoring.system,Software,Health Check Failure,Application Monitoring,
INC8540677,INC8540677,Problem: Check Application Monitoring,4,7,2026-09-20 13:20:57,,2026-09-20 13:21:35,No Intervention Required,,Team14,IC00096,monitoring.system,Software,Monitoring Alert,Application Monitoring,
INC8540676,INC8540676,AEP- IC05767 fala edição do site ,3,7,2026-09-20 13:17:01,2026-09-20 14:40:56,2026-09-20 14:55:04,Not Reproducible,Definitiva,Team14,IC05767,itsm.operator,Software,General Support,Shared Hosting,
INC8540675,INC8540675,[IC06522] Falha na listagem de IC00744 para Desenvolvedor,3,7,2026-09-20 13:15:58,,,Application Failure,Contorno,Team11,IC00735,itsm.operator,Software,Commercial Request,Shared Hosting,
INC8540674,INC8540674,Problem: Apache Busy Workers,3,7,2026-09-20 13:15:35,,2026-09-20 13:21:00,No Intervention Required,,Team14,IC00302,monitoring.system,Hardware,Disk/Swap Space,Cloud Servers,
INC8540673,INC8540673,Problem: Check PostgreSQL Replication Slave,4,7,2026-09-20 13:12:41,,2026-09-20 13:31:29,No Intervention Required,,Team14,IC00227,monitoring.system,Software,Database Service Down,Database Hosting,
INC8540672,INC8540672,Problem: Check Service on port 443 isn't running,3,7,2026-09-20 13:12:37,,2026-09-20 14:32:56,No Intervention Required,,Team14,IC05006,monitoring.system,Software,Certificate/TLS Issue,Shared Hosting,
INC8540671,INC8540671,Problem: Check Service on port 80 isn't running,3,7,2026-09-20 13:12:36,,2026-09-20 14:32:59,No Intervention Required,,Team14,IC05006,monitoring.system,Software,Certificate/TLS Issue,Shared Hosting,
INC8540669,INC8540669,Problem: IC06745 - IC01442 - Servidores com erro no Hypervisor: 130851,4,7,2026-09-20 13:09:09,,2026-09-20 13:23:52,No Intervention Required,,Team14,IC04860,monitoring.system,Software,General Support,Shared Hosting,
INC8540668,INC8540668,Problem: Apache Busy Workers,3,7,2026-09-20 13:08:21,,2026-09-20 13:23:55,No Intervention Required,,Team14,IC00006,monitoring.system,Software,General Support,Shared Hosting,
INC8540667,INC8540667,Problem: Pool: /Common/xpl_lw-criador-de-sites-api_https has backends off,4,7,2026-09-20 13:03:46,,2026-09-20 13:04:54,No Intervention Required,,Team14,,monitoring.system,Software,General Support,Shared Hosting,
INC8540666,INC8540666,Problem: Free disk space is less than 10% on volume /,4,7,2026-09-20 12:58:20,,2026-09-20 14:26:35,No Intervention Required,,Team14,IC00155,monitoring.system,Hardware,CPU/Memory Threshold,Cloud Servers,
INC8540664,INC8540664,Problem: Free disk space is less than 10% on volume /,4,7,2026-09-20 12:51:15,2026-09-20 13:26:04,,Application Failure,Contorno,Team14,IC00134,monitoring.system,Hardware,Disk/Swap Space,Cloud Servers,
INC8540663,INC8540663,Problem: IC06745 - IC01442 - Servers with Hypervisor error: 130851,4,7,2026-09-20 12:51:08,,2026-09-20 13:00:40,No Intervention Required,,Team14,IC04860,monitoring.system,Software,General Support,Shared Hosting,
INC8540662,INC8540662,Problem: Check Application Monitoring,4,7,2026-09-20 12:50:40,,2026-09-20 13:00:14,No Intervention Required,,Team14,IC00024,monitoring.system,Software,Health Check Failure,Application Monitoring,
INC8540661,INC8540661,Problem: Check Application Monitoring,4,7,2026-09-20 12:50:38,,2026-09-20 12:55:15,No Intervention Required,,Team14,IC00367,monitoring.system,Software,Monitoring Alert,Application Monitoring,
INC8540660,INC8540660,Problem: Free disk space is less than 10% on volume /,4,7,2026-09-20 12:49:41,,2026-09-20 12:52:02,No Intervention Required,,Team14,IC00155,monitoring.system,Hardware,CPU/Memory Threshold,Cloud Servers,
INC8540658,INC8540658,Problem: Check Apache on port 443,3,7,2026-09-20 12:44:55,,2026-09-20 13:12:12,No Intervention Required,,Team14,IC05151,monitoring.system,Network,Interface Flap,Network,
INC8540657,INC8540657,Problem: Check Apache on port 443,3,7,2026-09-20 12:43:50,,2026-09-20 13:08:50,No Intervention Required,,Team14,IC02760,monitoring.system,Software,Monitoring Alert,Application Monitoring,
INC8540656,INC8540656,Falha no acesso ao painel Exchange,2,7,2026-09-20 12:43:19,2026-09-20 21:04:37,2026-09-20 21:18:00,Caused By Change,Contorno,Team07,IC01139,itsm.operator,Software,Commercial Request,Shared Hosting,
INC8540654,INC8540654,Problem: Check Application Monitoring,4,7,2026-09-20 12:41:17,,2026-09-20 13:06:20,No Intervention Required,,Team14,IC02760,monitoring.system,Software,Monitoring Alert,Application Monitoring,
INC8540653,INC8540653,Problem: Pool: /Common/xpl_lw-criador-de-sites-api_https has backends off,4,7,2026-09-20 12:39:58,,2026-09-20 12:57:30,No Intervention Required,,Team14,,monitoring.system,Software,General Support,Shared Hosting,
INC8540652,INC8540652,Problem: Check Service on port 443 isn't running,3,7,2026-09-20 12:39:04,,2026-09-20 13:00:08,No Intervention Required,,Team14,IC05007,monitoring.system,Software,Certificate/TLS Issue,Shared Hosting,
INC8540651,INC8540651,Problem: Check Service on port 80 isn't running,3,7,2026-09-20 12:39:02,,2026-09-20 13:00:11,No Intervention Required,,Team14,IC05007,monitoring.system,Software,Certificate/TLS Issue,Shared Hosting,
INC8540650,INC8540650,Problem: Check Service proc_telegraf,3,7,2026-09-20 12:38:28,2026-09-20 13:30:36,,Application Failure,Definitiva,Team05,IC05309,monitoring.system,Software,General Support,Shared Hosting,
INC8540647,INC8540647,Problem: Check Application Monitoring,4,7,2026-09-20 12:35:39,,2026-09-20 12:40:57,No Intervention Required,,Team14,IC00024,monitoring.system,Software,Health Check Failure,Application Monitoring,
INC8540646,INC8540646,Problem: Free disk space is less than 10% on volume /,4,7,2026-09-20 12:35:24,2026-09-20 13:20:06,,Application Failure,Contorno,Team14,IC00113,monitoring.system,Software,General Support,Shared Hosting,
INC8540644,INC8540644,Problem: Check Application Monitoring,4,7,2026-09-20 12:30:06,,2026-09-20 12:30:33,No Intervention Required,,Team14,IC00014,monitoring.system,Software,Health Check Failure,Application Monitoring,
INC8540643,INC8540643,Problem: Check Application Monitoring,4,7,2026-09-20 12:30:04,,2026-09-20 12:30:31,No Intervention Required,,Team14,IC00032,monitoring.system,Software,Health Check Failure,Application Monitoring,
INC8540641,INC8540641,[IC00725] Falha ao realizar upload de imagens - jeffwbIC04172criadorlwIC04172comIC04172br,3,7,2026-09-20 12:24:14,,,Application Failure,Definitiva,Team14,IC00725,itsm.operator,Software,Service Port Down,Shared Hosting,
INC8540640,INC8540640,[IC00725] Falha em visualização dos elementos - jeffwbIC04172criadorlwIC04172comIC04172br,3,7,2026-09-20 12:24:11,,,Application Failure,Definitiva,Team14,IC00725,itsm.operator,Software,Service Port Down,Shared Hosting,
INC8540639,INC8540639,Problem: Check Application Monitoring VIP,4,7,2026-09-20 12:21:51,,2026-09-20 12:22:24,No Intervention Required,,Team14,IC00008,monitoring.system,Software,Monitoring Alert,Application Monitoring,
INC8540636,INC8540636,Problem: IC07174 agent on IC00996 is unreachable for 10 minutes,3,7,2026-09-20 12:16:42,2026-09-20 12:39:08,,Application Failure,Contorno,Team14,IC00996,monitoring.system,Software,General Support,Shared Hosting,
INC8540635,INC8540635,Problem: Check Application Monitoring,4,7,2026-09-20 12:16:04,,2026-09-20 12:26:00,No Intervention Required,,Team14,IC00024,monitoring.system,Software,Health Check Failure,Application Monitoring,
INC8540634,INC8540634,Problem: IC06745 - IC01442 - Servidores com erro no Hypervisor: 130851,4,7,2026-09-20 12:13:59,,2026-09-20 12:18:59,No Intervention Required,,Team14,IC04860,monitoring.system,Software,General Support,Shared Hosting,INC8540517
INC8540633,INC8540633,Problem: Check Application Monitoring,4,7,2026-09-20 12:08:13,,2026-09-20 12:08:48,No Intervention Required,,Team14,IC00002,monitoring.system,Software,Health Check Failure,Application Monitoring,
INC8540632,INC8540632,Problem: Check Application Monitoring,4,7,2026-09-20 12:06:55,,2026-09-20 12:07:41,No Intervention Required,,Team14,IC00019,monitoring.system,Software,Health Check Failure,Application Monitoring,
INC8540631,INC8540631,[IC05323] Falha ao excluir domínio na hospedagem.,3,7,2026-09-20 12:02:42,2026-09-20 12:11:45,,Application Failure,Contorno,Team11,IC00349,itsm.operator,Software,DNS Zone Management,Domain Registration,
INC8540629,INC8540629,Falha de acesso ao FTP ,3,7,2026-09-20 11:56:49,2026-09-20 12:15:08,2026-09-20 15:30:22,Caused By Change,Contorno,Team11,IC05768,itsm.operator,Hardware,Hypervisor Failure,Cloud Servers,
INC8540627,INC8540627,Problem: Check Application Monitoring,4,7,2026-09-20 11:50:22,,2026-09-20 12:00:37,No Intervention Required,,Team14,IC00014,monitoring.system,Software,Health Check Failure,Application Monitoring,
INC8540626,INC8540626,Problem: Check Application Monitoring,4,7,2026-09-20 11:50:20,,2026-09-20 11:50:59,No Intervention Required,,Team14,IC00024,monitoring.system,Software,Health Check Failure,Application Monitoring,
INC8540625,INC8540625,Problem: Apache Busy Workers,3,7,2026-09-20 11:49:35,,2026-09-20 11:55:20,No Intervention Required,,Team14,IC02357,monitoring.system,Hardware,CPU/Memory Threshold,Cloud Servers,
INC8540624,INC8540624,Problem: IC06745 - IC01442 - Servidores com erro no Hypervisor: 130851,4,7,2026-09-20 11:49:02,,2026-09-20 12:04:04,No Intervention Required,,Team14,IC04860,monitoring.system,Software,General Support,Shared Hosting,INC8540517
INC8540623,INC8540623,Problem: Check Application Monitoring,4,7,2026-09-20 11:48:07,,2026-09-20 11:48:38,No Intervention Required,,Team14,IC00002,monitoring.system,Software,Health Check Failure,Application Monitoring,
INC8540622,INC8540622,Problem: Check Application Monitoring VIP,4,7,2026-09-20 11:46:59,,2026-09-20 11:47:32,No Intervention Required,,Team14,IC00019,monitoring.system,Software,Health Check Failure,Application Monitoring,
INC8540619,INC8540619,[CDS] Falha para publicar site ,3,7,2026-09-20 11:41:13,,,No Caller Response,,Team14,IC00725,itsm.operator,Software,Service Port Down,Shared Hosting,
INC8540618,INC8540618,Problem: IC06745 - IC01442 - Servers with Hypervisor error: 130851,4,7,2026-09-20 11:40:59,,2026-09-20 12:26:14,No Intervention Required,,Team14,IC04860,monitoring.system,Software,General Support,Shared Hosting,INC8540517
INC8540617,INC8540617,Problem: Free disk space is less than 10% on volume /,4,7,2026-09-20 11:40:49,2026-09-20 12:52:35,,Application Failure,Contorno,Team14,IC00109,monitoring.system,Hardware,Disk/Swap Space,Cloud Servers,
INC8540616,INC8540616,Problem: Check Application Monitoring,4,7,2026-09-20 11:40:15,,2026-09-20 11:40:45,No Intervention Required,,Team14,IC00014,monitoring.system,Software,Health Check Failure,Application Monitoring,
INC8540615,INC8540615,Falha de acesso ao FTP ,3,7,2026-09-20 11:37:25,2026-09-20 12:08:35,2026-09-20 15:34:14,Caused By Change,Contorno,Team11,IC05769,itsm.operator,Software,Certificate/TLS Issue,Shared Hosting,
INC8540614,INC8540614,[CDS] Falha na exibição de elementos,3,7,2026-09-20 11:36:43,,,Application Failure,Definitiva,Team14,IC00725,itsm.operator,Software,Service Port Down,Shared Hosting,
INC8540613,INC8540613,Problem: Check Application Monitoring,4,7,2026-09-20 11:35:36,,2026-09-20 11:36:16,No Intervention Required,,Team14,IC00024,monitoring.system,Software,Health Check Failure,Application Monitoring,
INC8540612,INC8540612,[IC00725] Falha nos elementos - prospersolucoesIC04172comIC04172br,3,7,2026-09-20 11:34:16,,,Application Failure,Definitiva,Team14,IC00725,itsm.operator,Software,Service Port Down,Shared Hosting,
INC8540611,INC8540611,Problem: Check Application Monitoring,4,7,2026-09-20 11:29:57,,2026-09-20 11:30:30,No Intervention Required,,Team14,IC00014,monitoring.system,Software,Health Check Failure,Application Monitoring,
INC8540610,INC8540610,Problem: Free disk space is less than 10% on volume /,4,7,2026-09-20 11:29:03,,2026-09-20 11:34:18,No Intervention Required,,Team14,IC00109,monitoring.system,Hardware,Disk/Swap Space,Cloud Servers,
INC8540609,INC8540609,Problem: IC06745 - IC01442 - Servidores com erro no Hypervisor: 130851,4,7,2026-09-20 11:28:57,,2026-09-20 11:38:57,No Intervention Required,,Team14,IC04860,monitoring.system,Software,General Support,Shared Hosting,
INC8540607,INC8540607,Servidor Migrado- Site com erro 403 (forfunfestasIC04172comIC04172br),3,7,2026-09-20 11:22:58,2026-09-20 20:02:23,,Other,Definitiva,Team09,IC00281,itsm.operator,Software,General Support,Shared Hosting,
INC8540606,INC8540606,Problem: Check Application Monitoring,4,7,2026-09-20 11:22:48,,2026-09-20 11:23:38,No Intervention Required,,Team14,IC02761,monitoring.system,Software,Monitoring Alert,Application Monitoring,
INC8540605,INC8540605,Problem: Check Application Monitoring,4,7,2026-09-20 11:21:40,,2026-09-20 11:22:27,No Intervention Required,,Team14,IC00008,monitoring.system,Software,Monitoring Alert,Application Monitoring,
INC8540604,INC8540604,Problem: Check Application Monitoring,4,7,2026-09-20 11:18:17,,2026-09-20 11:18:51,No Intervention Required,,Team14,IC02447,monitoring.system,Software,Health Check Failure,Application Monitoring,
INC8540603,INC8540603,Problem: Check Service Nginx isn´t Running,4,7,2026-09-20 11:17:22,,2026-09-20 11:18:05,No Intervention Required,,Team14,IC00174,monitoring.system,Hardware,CPU/Memory Threshold,Cloud Servers,
INC8540602,INC8540602,"Problem: /home: Free disk space Inodes is less than {10%:""/home""}",4,7,2026-09-20 11:16:32,,,No Caller Response,,Team14,IC01885,monitoring.system,Hardware,RAID/Storage Failure,Cloud Servers,INC8539283
INC8540601,INC8540601,Problem: Check Application Monitoring,4,7,2026-09-20 11:15:47,,2026-09-20 11:20:10,No Intervention Required,,Team14,IC00024,monitoring.system,Software,Health Check Failure,Application Monitoring,
INC8540600,INC8540600,Falha de acesso ao FTP - forfunfestas,3,7,2026-09-20 11:12:06,2026-09-20 14:12:14,2026-09-20 15:48:37,Caused By Change,Definitiva,Team14,IC00281,itsm.operator,Software,General Support,Shared Hosting,
INC8540599,INC8540599,Problem: Check: Nginx Type: tcp on Port: 80 Not Running,2,7,2026-09-20 11:11:21,,2026-09-20 11:21:15,No Intervention Required,,Team14,IC00174,monitoring.system,Hardware,CPU/Memory Threshold,Cloud Servers,INC8540598
INC8540598,INC8540598,Problem: Check: Nginx Type: tcp on Port: 443 Not Running,2,7,2026-09-20 11:11:02,2026-09-20 11:20:42,2026-09-20 11:21:33,Application Failure,Contorno,Team14,IC00174,monitoring.system,Hardware,CPU/Memory Threshold,Cloud Servers,
INC8540597,INC8540597,Problem: Check Application Monitoring,4,7,2026-09-20 11:09:55,,2026-09-20 11:20:09,No Intervention Required,,Team14,IC00014,monitoring.system,Software,Health Check Failure,Application Monitoring,
INC8540596,INC8540596,Problem: Error Backup Full Bacula,3,7,2026-09-20 11:09:05,,2026-09-20 11:44:37,No Intervention Required,,Team14,IC01473,monitoring.system,Network,High Latency,Network,INC8540594
INC8540595,INC8540595,Problem: Error Backup Full Bacula,3,7,2026-09-20 11:09:00,,2026-09-20 11:44:37,No Intervention Required,,Team14,IC02239,monitoring.system,Software,Backup Job Failure,Backup Service,INC8540594
INC8540594,INC8540594,Problem: Error Backup Full Bacula,3,7,2026-09-20 11:08:58,,2026-09-20 11:44:37,No Intervention Required,,Team14,IC05770,monitoring.system,Software,Backup Job Failure,Backup Service,
INC8540593,INC8540593,Problem: Apache Busy Workers,3,7,2026-09-20 11:06:47,,2026-09-20 11:07:28,No Intervention Required,,Team14,IC05141,monitoring.system,Hardware,CPU/Memory Threshold,Cloud Servers,
INC8540592,INC8540592,Problem: IC06745 - IC01442 - Servidores com erro no Hypervisor: 130851,4,7,2026-09-20 10:58:56,,2026-09-20 11:18:59,No Intervention Required,,Team14,IC04860,monitoring.system,Software,General Support,Shared Hosting,
INC8540591,INC8540591,Problem: Apache Busy Workers,3,7,2026-09-20 10:54:03,,2026-09-20 10:59:07,No Intervention Required,,Team14,IC00288,monitoring.system,Hardware,CPU/Memory Threshold,Cloud Servers,
INC8540590,INC8540590,Divergência no armazenamento [guilherme@ccfconsultoriaIC04172com],3,7,2026-09-20 10:54:02,2026-09-20 12:16:22,,Application Failure,Contorno,Team05,IC05201,itsm.operator,Software,Mail Sync Failure,Email Hosting,
INC8540589,INC8540589,Problem: Check Application Monitoring,4,7,2026-09-20 10:50:15,,2026-09-20 10:55:44,No Intervention Required,,Team14,IC00024,monitoring.system,Software,Health Check Failure,Application Monitoring,
INC8540588,INC8540588,Problem: Disk I/O is overloaded on IC00509,4,7,2026-09-20 10:50:08,,2026-09-20 10:51:09,No Intervention Required,,Team14,IC00509,monitoring.system,Software,General Support,Shared Hosting,
INC8540587,INC8540587,Problem: 90 % used on Vdom Active Sessions FVBG2ITA005,2,7,2026-09-20 10:49:39,,2026-09-20 11:08:23,No Intervention Required,,Team12,IC00528,monitoring.system,Software,General Support,Shared Hosting,
INC8540586,INC8540586,Problem: Check Application Monitoring,4,7,2026-09-20 10:44:29,,2026-09-20 10:45:09,No Intervention Required,,Team14,IC00048,monitoring.system,Software,Health Check Failure,Application Monitoring,
INC8540585,INC8540585,Problem: Check Application Monitoring,4,7,2026-09-20 10:39:52,,2026-09-20 10:40:36,No Intervention Required,,Team14,IC00014,monitoring.system,Software,Health Check Failure,Application Monitoring,
INC8540584,INC8540584,Problem: Check Application Monitoring,4,7,2026-09-20 10:26:01,,2026-09-20 10:40:38,No Intervention Required,,Team14,IC00024,monitoring.system,Software,Health Check Failure,Application Monitoring,
INC8540582,INC8540582,Problem: IC07174 agent on IC00992 is unreachable for 10 minutes,3,7,2026-09-20 10:12:09,2026-09-20 10:39:55,,Application Failure,Contorno,Team14,IC00992,monitoring.system,Software,General Support,Shared Hosting,
INC8540581,INC8540581,Problem: Check Application Monitoring,4,7,2026-09-20 10:10:52,,2026-09-20 10:11:25,No Intervention Required,,Team14,IC01984,monitoring.system,Software,Monitoring Alert,Application Monitoring,
INC8540579,INC8540579,Problem: Check Application Monitoring,4,7,2026-09-20 10:05:59,,2026-09-20 10:16:10,No Intervention Required,,Team14,IC00024,monitoring.system,Software,Health Check Failure,Application Monitoring,
INC8540578,INC8540578,Problem: IC06745 - IC01442 - Servers with Hypervisor error: 130851,4,7,2026-09-20 10:05:50,,2026-09-20 10:10:54,No Intervention Required,,Team14,IC04860,monitoring.system,Software,General Support,Shared Hosting,INC8540311
INC8540576,INC8540576,Problem: Apache Busy Workers,3,7,2026-09-20 10:04:44,,2026-09-20 10:14:21,No Intervention Required,,Team14,IC00288,monitoring.system,Hardware,CPU/Memory Threshold,Cloud Servers,
INC8540575,INC8540575,Domínio inativos,3,7,2026-09-20 10:01:25,2026-09-20 10:43:10,,Application Failure,Contorno,Team11,IC00685,itsm.operator,Software,DNS Zone Management,Domain Registration,INC8539182
INC8540573,INC8540573,Problem: Perf Teste Asp - Web Test Fail,2,7,2026-09-20 09:57:44,,2026-09-20 10:09:11,No Intervention Required,,Team14,IC02172,monitoring.system,Software,Service Unavailable,VPS Hosting,
INC8540572,INC8540572,Problem: Perf Teste Asp - Web Test Fail,2,7,2026-09-20 09:56:39,,2026-09-20 10:09:10,No Intervention Required,,Team14,IC03270,monitoring.system,Software,Service Unavailable,VPS Hosting,
INC8540570,INC8540570,Problem: Check PostgreSQL Replication Master,4,7,2026-09-20 09:54:06,,2026-09-20 10:20:59,No Intervention Required,,Team14,IC00351,monitoring.system,Software,Database Service Down,Database Hosting,
INC8540569,INC8540569,Problem: Check Application Monitoring,4,7,2026-09-20 09:51:31,,2026-09-20 09:56:29,No Intervention Required,,Team14,IC02448,monitoring.system,Software,Monitoring Alert,Application Monitoring,
INC8540568,INC8540568,Problem: Check Application Monitoring,4,7,2026-09-20 09:50:20,,2026-09-20 09:56:19,No Intervention Required,,Team14,IC00024,monitoring.system,Software,Health Check Failure,Application Monitoring,
INC8540566,INC8540566,Divergência no armazenamento [daniel@dmmadvogadosIC04172comIC04172br],3,7,2026-09-20 09:48:38,2026-09-20 09:58:39,,Application Failure,Contorno,Team05,IC05216,itsm.operator,Software,Mailbox Access,Email Hosting,
INC8540565,INC8540565,Problem: Check Application Monitoring,4,7,2026-09-20 09:47:05,,2026-09-20 09:47:34,No Intervention Required,,Team14,IC00019,monitoring.system,Software,Health Check Failure,Application Monitoring,
INC8540564,INC8540564,Problem: Check Application Monitoring,4,7,2026-09-20 09:44:34,,2026-09-20 09:45:15,No Intervention Required,,Team14,IC00048,monitoring.system,Software,Health Check Failure,Application Monitoring,
INC8540563,INC8540563,Problem: Check Application Monitoring,4,7,2026-09-20 09:40:06,,2026-09-20 09:40:33,No Intervention Required,,Team14,IC00014,monitoring.system,Software,Health Check Failure,Application Monitoring,
INC8540562,INC8540562,Problem: Check Application Monitoring,4,7,2026-09-20 09:38:48,,2026-09-20 09:43:05,No Intervention Required,,Team14,IC00002,monitoring.system,Software,Health Check Failure,Application Monitoring,
INC8540561,INC8540561,Problem: Perf Teste Asp - Web Test Fail,2,7,2026-09-20 09:35:40,,2026-09-20 09:46:11,No Intervention Required,,Team14,IC03113,monitoring.system,Software,Service Unavailable,VPS Hosting,
INC8540560,INC8540560,Problem: Check Application Monitoring,4,7,2026-09-20 09:30:48,,2026-09-20 09:40:47,No Intervention Required,,Team14,IC00024,monitoring.system,Software,Health Check Failure,Application Monitoring,
INC8540555,INC8540555,Problem: Perf Teste Asp - Web Test Fail,2,7,2026-09-20 09:26:22,,2026-09-20 09:36:44,No Intervention Required,,Team14,IC03403,monitoring.system,Software,Service Unavailable,VPS Hosting,
INC8540554,INC8540554,Problem: Check Application Monitoring,4,7,2026-09-20 09:24:56,,2026-09-20 09:25:41,No Intervention Required,,Team14,IC00032,monitoring.system,Software,Health Check Failure,Application Monitoring,
INC8540553,INC8540553,Problem: Apache Busy Workers,3,7,2026-09-20 09:21:33,,2026-09-20 09:22:20,No Intervention Required,,Team14,IC05141,monitoring.system,Hardware,CPU/Memory Threshold,Cloud Servers,
INC8540552,INC8540552,Problem: Check Application Monitoring,4,7,2026-09-20 09:20:14,,2026-09-20 09:30:27,No Intervention Required,,Team14,IC00014,monitoring.system,Software,Health Check Failure,Application Monitoring,
INC8540551,INC8540551,Problem: Free disk space is less than 10% on volume /,4,7,2026-09-20 09:16:52,,2026-09-20 09:22:26,No Intervention Required,,Team14,IC00114,monitoring.system,Hardware,RAID/Storage Failure,Cloud Servers,
INC8540550,INC8540550,Problem: IC06745 - IC01442 - Servers with Hypervisor error: 130851,4,7,2026-09-20 09:16:30,,2026-09-20 09:55:50,No Intervention Required,,Team14,IC04860,monitoring.system,Software,General Support,Shared Hosting,INC8540311
INC8540549,INC8540549,Lentidão no webmail,3,7,2026-09-20 09:14:13,,2026-09-20 09:26:48,No Intervention Required,,Team05,IC05224,itsm.operator,Software,Mail Sync Failure,Email Hosting,INC8540526
INC8540548,INC8540548,[PLESKW0033] - Falha no serviço de e-mail | Recebimento,3,7,2026-09-20 09:13:36,2026-09-20 10:27:58,,Caused By Customer,Definitiva,Team14,IC05771,itsm.operator,Software,Mail Sync Failure,Email Hosting,
INC8540546,INC8540546,Problem: Postfix-Local with 1000 messages on IC05243,2,7,2026-09-20 09:11:25,,2026-09-20 09:26:49,No Intervention Required,,Team05,IC05243,monitoring.system,Software,Mail Sync Failure,Email Hosting,INC8540526
INC8540545,INC8540545,Problem: Postfix-Local with 1000 messages on IC01782,2,7,2026-09-20 09:11:22,,2026-09-20 09:26:50,No Intervention Required,,Team05,IC01782,monitoring.system,Software,Mail Sync Failure,Email Hosting,INC8540526
INC8540543,INC8540543,Problem: Check Application Monitoring,4,7,2026-09-20 09:11:14,,2026-09-20 09:11:22,No Intervention Required,,Team14,IC00014,monitoring.system,Software,Health Check Failure,Application Monitoring,
INC8540544,INC8540544,Problem: Postfix-Local with 1000 messages on IC01783,2,7,2026-09-20 09:11:14,,2026-09-20 09:26:51,No Intervention Required,,Team05,IC01783,monitoring.system,Software,Mail Sync Failure,Email Hosting,INC8540526
INC8540541,INC8540541,Problem: Postfix-Local with 1000 messages on IC00646,2,7,2026-09-20 09:08:24,,2026-09-20 09:26:52,No Intervention Required,,Team05,IC00646,monitoring.system,Software,Mailbox Access,Email Hosting,INC8540526
INC8540540,INC8540540,Problem: Postfix-Local with 1000 messages on IC01559,2,7,2026-09-20 09:08:21,,2026-09-20 09:26:53,No Intervention Required,,Team05,IC01559,monitoring.system,Software,Mail Sync Failure,Email Hosting,INC8540526
INC8540539,INC8540539,Problem: Postfix-Local with 1000 messages on IC01784,2,7,2026-09-20 09:08:19,,2026-09-20 09:26:54,No Intervention Required,,Team05,IC01784,monitoring.system,Software,Mail Sync Failure,Email Hosting,INC8540526
INC8540538,INC8540538,Problem: Postfix-Local with 1000 messages on IC01627,2,7,2026-09-20 09:08:17,,2026-09-20 09:26:55,No Intervention Required,,Team05,IC01627,monitoring.system,Software,Mail Sync Failure,Email Hosting,INC8540526
INC8540537,INC8540537,Problem: Postfix-Local with 1000 messages on IC01991,2,7,2026-09-20 09:08:14,,2026-09-20 09:26:55,No Intervention Required,,Team05,IC01991,monitoring.system,Software,Mail Sync Failure,Email Hosting,INC8540526
INC8540536,INC8540536,Problem: Postfix-Local with 1000 messages on IC01560,2,7,2026-09-20 09:08:07,,2026-09-20 09:26:56,No Intervention Required,,Team05,IC01560,monitoring.system,Software,Mailbox Access,Email Hosting,INC8540526
INC8540535,INC8540535,Problem: Postfix-Local with 1000 messages on IC02822,2,7,2026-09-20 09:07:25,,2026-09-20 09:26:57,No Intervention Required,,Team05,IC02822,monitoring.system,Software,Mail Sync Failure,Email Hosting,INC8540526
INC8540534,INC8540534,Problem: Check: HTTPS Type: tcp on Port: 443 Not Running,2,7,2026-09-20 09:06:25,2026-09-20 09:13:59,2026-09-20 09:15:57,Application Failure,Contorno,Team14,IC03628,monitoring.system,Software,Certificate/TLS Issue,Shared Hosting,
INC8540533,INC8540533,Problem: Authentication Failed pop3_69_40_simpsons0027 on IC05229,3,7,2026-09-20 09:06:25,,2026-09-20 09:07:29,No Intervention Required,,Team05,IC05229,monitoring.system,Software,Mailbox Access,Email Hosting,
INC8540532,INC8540532,Problem: Check Autentication POP on IC05853,2,7,2026-09-20 09:06:21,,2026-09-20 09:26:58,No Intervention Required,,Team05,IC05772,monitoring.system,Software,Mail Sync Failure,Email Hosting,INC8540526
INC8540531,INC8540531,Problem: Authentication Failed pop3_69_43_simpsons0030 on IC05197,3,7,2026-09-20 09:06:19,,2026-09-20 09:07:15,No Intervention Required,,Team05,IC05197,monitoring.system,Software,Mailbox Access,Email Hosting,
INC8540530,INC8540530,Problem: Authentication Failed pop3_69_43_simpsons0030 on IC05229,3,7,2026-09-20 09:06:17,,2026-09-20 09:06:54,No Intervention Required,,Team05,IC05229,monitoring.system,Software,Mailbox Access,Email Hosting,
INC8540529,INC8540529,Problem: Authentication Failed imap_69_43_simpsons0030 on IC05229,3,7,2026-09-20 09:06:15,,2026-09-20 09:06:51,No Intervention Required,,Team05,IC05229,monitoring.system,Software,Mailbox Access,Email Hosting,
INC8540528,INC8540528,Problem: Authentication Failed imap_69_42_simpsons0029 on IC05229,3,7,2026-09-20 09:06:14,,2026-09-20 09:06:32,No Intervention Required,,Team05,IC05229,monitoring.system,Software,Mailbox Access,Email Hosting,
INC8540527,INC8540527,Problem: Authentication Failed pop3_69_42_simpsons0029 on IC05229,3,7,2026-09-20 09:06:12,,2026-09-20 09:06:49,No Intervention Required,,Team05,IC05229,monitoring.system,Software,Mailbox Access,Email Hosting,
INC8540526,INC8540526,Problem: Authentication Failed imap_68_3_simpsons0025 on IC05224,2,7,2026-09-20 09:06:10,,2026-09-20 09:27:00,No Intervention Required,,Team05,IC05224,monitoring.system,Software,Mail Sync Failure,Email Hosting,
INC8540525,INC8540525,Problem: Apache Busy Workers,3,7,2026-09-20 09:03:34,,2026-09-20 09:08:52,No Intervention Required,,Team14,IC01258,monitoring.system,Hardware,CPU/Memory Threshold,Cloud Servers,
INC8540523,INC8540523,Problem: Check Application Monitoring,4,7,2026-09-20 08:59:55,,2026-09-20 09:00:35,No Intervention Required,,Team14,IC00014,monitoring.system,Software,Health Check Failure,Application Monitoring,
INC8540522,INC8540522,Problem: Apache Busy Workers,3,7,2026-09-20 08:59:07,,2026-09-20 09:14:38,No Intervention Required,,Team14,IC00288,monitoring.system,Hardware,CPU/Memory Threshold,Cloud Servers,
INC8540521,INC8540521,Falha ao responder e-mails [reservas@olindariohotelIC04172comIC04172br],3,7,2026-09-20 08:58:36,,,No Caller Response,,Team05,IC00677,itsm.operator,Software,General Support,Shared Hosting,
INC8540519,INC8540519,Problem: Check Application Monitoring,4,7,2026-09-20 08:55:18,,2026-09-20 09:21:01,No Intervention Required,,Team14,IC00024,monitoring.system,Software,Health Check Failure,Application Monitoring,
INC8540517,INC8540517,Problem: Error Backup Full Bacula,3,7,2026-09-20 08:48:59,2026-09-20 19:49:21,,Other,Definitiva,Team09,IC00557,monitoring.system,Hardware,CPU/Memory Threshold,Cloud Servers,
INC8540516,INC8540516,Problem: IC06745 - IC01442 - Servers with Hypervisor error: 130851,4,7,2026-09-20 08:41:00,,2026-09-20 09:06:24,No Intervention Required,,Team14,IC04860,monitoring.system,Software,General Support,Shared Hosting,
INC8540515,INC8540515,Problem: Apache Busy Workers,3,7,2026-09-20 08:38:48,,2026-09-20 08:39:30,No Intervention Required,,Team14,IC00288,monitoring.system,Hardware,CPU/Memory Threshold,Cloud Servers,
INC8540514,INC8540514,Problem: Apache Busy Workers,3,7,2026-09-20 08:36:56,,2026-09-20 08:41:03,No Intervention Required,,Team14,IC00264,monitoring.system,Hardware,Hypervisor Failure,Cloud Servers,
INC8540513,INC8540513,Problem: Interface Ethernet1/27: High bandwidth usage >85%,3,7,2026-09-20 08:36:25,,2026-09-20 08:39:12,No Intervention Required,,Team12,IC02990,monitoring.system,Network,Connectivity Loss,Network,
INC8540511,INC8540511,Problem: Interface Gi0/50: High bandwidth usage >85%,3,7,2026-09-20 08:35:36,,2026-09-20 08:38:52,No Intervention Required,,Team12,IC02989,monitoring.system,Network,Interface Flap,Network,
INC8540510,INC8540510,Problem: IC07174 agent on IC00995 is unreachable for 10 minutes,3,7,2026-09-20 08:34:06,,2026-09-20 08:47:56,No Intervention Required,,Team14,IC00995,monitoring.system,Software,General Support,Shared Hosting,
INC8540509,INC8540509,Problem: Interface Ethernet1/17: High bandwidth usage >85%,3,7,2026-09-20 08:31:56,,2026-09-20 08:35:14,No Intervention Required,,Team12,IC02991,monitoring.system,Network,High Latency,Network,
INC8540508,INC8540508,Problem: Interface Gi0/51: High bandwidth usage >85%,3,7,2026-09-20 08:29:57,,2026-09-20 08:35:19,No Intervention Required,,Team12,IC02989,monitoring.system,Network,Interface Flap,Network,
INC8540507,INC8540507,Problem: Check Application Monitoring,4,7,2026-09-20 08:29:56,,2026-09-20 08:30:32,No Intervention Required,,Team14,IC00014,monitoring.system,Software,Health Check Failure,Application Monitoring,
INC8540506,INC8540506,Problem: Error Backup Inc Bacula,3,7,2026-09-20 08:28:54,2026-09-20 08:59:49,,Application Failure,Contorno,Team14,IC02403,monitoring.system,Software,Backup Job Failure,Backup Service,
INC8540505,INC8540505,Problem: Check Application Monitoring,4,7,2026-09-20 08:25:14,,2026-09-20 08:35:13,No Intervention Required,,Team14,IC00367,monitoring.system,Software,Monitoring Alert,Application Monitoring,
INC8540504,INC8540504,Problem: Check Application Monitoring,4,7,2026-09-20 08:21:37,,2026-09-20 08:27:12,No Intervention Required,,Team14,IC00008,monitoring.system,Software,Monitoring Alert,Application Monitoring,
INC8540503,INC8540503,Problem: CPU Used in %,4,7,2026-09-20 08:12:09,,2026-09-20 08:12:45,No Intervention Required,,Team14,IC00100,monitoring.system,Hardware,CPU/Memory Threshold,Cloud Servers,
INC8540502,INC8540502,Problem: Check Application Monitoring,4,7,2026-09-20 08:11:07,,2026-09-20 08:11:41,No Intervention Required,,Team14,IC00225,monitoring.system,Software,Health Check Failure,Application Monitoring,
INC8540501,INC8540501,Problem: Check Application Monitoring,4,7,2026-09-20 08:09:57,,2026-09-20 08:10:34,No Intervention Required,,Team14,IC00014,monitoring.system,Software,Health Check Failure,Application Monitoring,
INC8540499,INC8540499,Problem: CPU Used in %,4,7,2026-09-20 08:07:31,,2026-09-20 08:12:43,No Intervention Required,,Team14,IC00100,monitoring.system,Hardware,CPU/Memory Threshold,Cloud Servers,
INC8540498,INC8540498,Problem: Interface Gi0/50: High bandwidth usage >85%,3,7,2026-09-20 08:06:30,,2026-09-20 08:09:40,No Intervention Required,,Team12,IC02989,monitoring.system,Network,Interface Flap,Network,
INC8540497,INC8540497,Problem: Interface Ethernet1/27: High bandwidth usage >85%,3,7,2026-09-20 08:05:54,,2026-09-20 08:08:12,No Intervention Required,,Team12,IC02990,monitoring.system,Network,Connectivity Loss,Network,
INC8540496,INC8540496,Problem: Interface Ethernet1/17: High bandwidth usage >85%,3,7,2026-09-20 08:05:50,,2026-09-20 08:08:50,No Intervention Required,,Team12,IC02991,monitoring.system,Network,High Latency,Network,
INC8540495,INC8540495,Problem: Interface Gi0/51: High bandwidth usage >85%,3,7,2026-09-20 08:05:15,,2026-09-20 08:08:34,No Intervention Required,,Team12,IC02989,monitoring.system,Network,Interface Flap,Network,
INC8540494,INC8540494,Problem: IC07174 agent on IC00996 is unreachable for 10 minutes,3,7,2026-09-20 08:04:42,2026-09-20 08:11:21,,Application Failure,Contorno,Team14,IC00996,monitoring.system,Software,General Support,Shared Hosting,
INC8540493,INC8540493,Problem: IC06745 - IC01442 - Servers with Hypervisor error: 130851,4,7,2026-09-20 08:00:49,,2026-09-20 08:30:59,No Intervention Required,,Team14,IC04860,monitoring.system,Software,General Support,Shared Hosting,INC8540311
INC8540492,INC8540492,Problem: IC07174 agent on IC00993 is unreachable for 10 minutes,3,7,2026-09-20 08:00:14,2026-09-20 08:10:38,,Application Failure,Contorno,Team14,IC00993,monitoring.system,Software,General Support,Shared Hosting,
INC8540491,INC8540491,Problem: Check Application Monitoring,4,7,2026-09-20 07:55:59,,2026-09-20 08:36:16,No Intervention Required,,Team14,IC00024,monitoring.system,Software,Health Check Failure,Application Monitoring,
INC8540488,INC8540488,Problem: Apache Busy Workers,3,7,2026-09-20 07:50:52,,2026-09-20 07:55:25,No Intervention Required,,Team14,IC00654,monitoring.system,Hardware,Hypervisor Failure,Cloud Servers,
INC8540487,INC8540487,Problem: Check Application Monitoring,4,7,2026-09-20 07:45:08,,2026-09-20 07:46:07,No Intervention Required,,Team14,IC00024,monitoring.system,Software,Health Check Failure,Application Monitoring,
INC8540486,INC8540486,Problem: Free disk space is less than 10% on volume /,4,7,2026-09-20 07:42:31,,2026-09-20 07:47:44,No Intervention Required,,Team14,IC00081,monitoring.system,Hardware,RAID/Storage Failure,Cloud Servers,
INC8540484,INC8540484,Problem: Check Application Monitoring,4,7,2026-09-20 07:39:26,,2026-09-20 07:40:05,No Intervention Required,,Team14,IC00048,monitoring.system,Software,Health Check Failure,Application Monitoring,
INC8540482,INC8540482,Problem: Check Application Monitoring,4,7,2026-09-20 07:38:13,,2026-09-20 07:38:47,No Intervention Required,,Team14,IC00002,monitoring.system,Software,Health Check Failure,Application Monitoring,
INC8540481,INC8540481,Problem: Apache Busy Workers,3,7,2026-09-20 07:38:00,,2026-09-20 07:42:09,No Intervention Required,,Team14,IC00109,monitoring.system,Hardware,Disk/Swap Space,Cloud Servers,
INC8540480,INC8540480,Problem: IC06745 - IC01442 - Activation fail: ID: 101842,4,7,2026-09-20 07:36:29,,2026-09-20 07:37:34,No Intervention Required,,Team14,IC04860,monitoring.system,Software,General Support,Shared Hosting,
INC8540477,INC8540477,Problem: Check Application Monitoring,4,7,2026-09-20 07:30:08,,2026-09-20 07:30:47,No Intervention Required,,Team14,IC00014,monitoring.system,Software,Health Check Failure,Application Monitoring,
INC8540476,INC8540476,Problem: Check: Nginx Type: tcp on Port: 80 Not Running,2,7,2026-09-20 07:27:26,,2026-09-20 07:28:23,No Intervention Required,,Team14,IC00141,monitoring.system,Software,General Support,Shared Hosting,
INC8540474,INC8540474,Problem: Check Application Monitoring,4,7,2026-09-20 07:26:37,,2026-09-20 07:27:19,No Intervention Required,,Team14,IC00007,monitoring.system,Software,Health Check Failure,Application Monitoring,
INC8540473,INC8540473,Problem: Check Service Nginx isn´t Running,4,7,2026-09-20 07:26:02,,2026-09-20 07:28:53,No Intervention Required,,Team14,IC00006,monitoring.system,Software,General Support,Shared Hosting,INC8540471
INC8540472,INC8540472,Problem: Check: Nginx Type: tcp on Port: 443 Not Running,2,7,2026-09-20 07:25:58,,2026-09-20 07:31:45,No Intervention Required,,Team14,IC00006,monitoring.system,Software,General Support,Shared Hosting,INC8540471
INC8540471,INC8540471,Problem: Check: Nginx Type: tcp on Port: 80 Not Running,2,7,2026-09-20 07:25:56,2026-09-20 07:31:12,2026-09-20 07:32:32,Application Failure,Contorno,Team14,IC00006,monitoring.system,Software,General Support,Shared Hosting,
INC8540470,INC8540470,Problem: Check Application Monitoring,4,7,2026-09-20 07:25:32,,2026-09-20 07:30:48,No Intervention Required,,Team14,IC00024,monitoring.system,Software,Health Check Failure,Application Monitoring,
INC8540469,INC8540469,Problem: Check Application Monitoring,4,7,2026-09-20 07:23:16,,2026-09-20 07:23:49,No Intervention Required,,Team14,IC02761,monitoring.system,Software,Monitoring Alert,Application Monitoring,
INC8540468,INC8540468,Problem: Check Application Monitoring,4,7,2026-09-20 07:19:55,,2026-09-20 07:20:32,No Intervention Required,,Team14,IC00014,monitoring.system,Software,Health Check Failure,Application Monitoring,
INC8540467,INC8540467,Problem: Processor load is too high > 20%,4,7,2026-09-20 07:19:53,,2026-09-20 07:20:53,No Intervention Required,,Team14,IC00308,monitoring.system,Hardware,Hypervisor Failure,Cloud Servers,
INC8540466,INC8540466,Problem: Check Application Monitoring,4,7,2026-09-20 07:15:13,,2026-09-20 07:20:34,No Intervention Required,,Team14,IC00367,monitoring.system,Software,Monitoring Alert,Application Monitoring,
INC8540465,INC8540465,Problem: Check Application Monitoring,4,7,2026-09-20 07:15:08,,2026-09-20 07:20:24,No Intervention Required,,Team14,IC00048,monitoring.system,Software,Health Check Failure,Application Monitoring,
INC8540464,INC8540464,Problem: Apache Busy Workers,3,7,2026-09-20 07:14:10,,2026-09-20 07:28:32,No Intervention Required,,Team14,IC00006,monitoring.system,Software,General Support,Shared Hosting,
INC8540463,INC8540463,Problem: IC06745 - IC01442 - Servers with Hypervisor error: 106508,4,7,2026-09-20 07:10:53,,2026-09-20 07:26:04,No Intervention Required,,Team14,IC04860,monitoring.system,Software,General Support,Shared Hosting,
INC8540462,INC8540462,Problem: IC06745 - IC01442 - Servers with Hypervisor error: 153239,4,7,2026-09-20 07:10:51,,2026-09-20 07:26:01,No Intervention Required,,Team14,IC04860,monitoring.system,Software,General Support,Shared Hosting,
INC8540461,INC8540461,Problem: IC06745 - IC01442 - Servers with Hypervisor error: 130851,4,7,2026-09-20 07:10:49,,2026-09-20 07:41:07,No Intervention Required,,Team14,IC04860,monitoring.system,Software,General Support,Shared Hosting,INC8540311
INC8540459,INC8540459,Problem: Check Application Monitoring,4,7,2026-09-20 07:04:32,,2026-09-20 07:05:07,No Intervention Required,,Team14,IC00048,monitoring.system,Software,Health Check Failure,Application Monitoring,
INC8540458,INC8540458,Problem: Check Application Monitoring,4,7,2026-09-20 07:03:26,,2026-09-20 07:03:54,No Intervention Required,,Team14,IC00262,monitoring.system,Software,Health Check Failure,Application Monitoring,
INC8540456,INC8540456,Problem: Check Application Monitoring,4,7,2026-09-20 07:01:04,,2026-09-20 07:10:13,No Intervention Required,,Team14,IC00024,monitoring.system,Software,Health Check Failure,Application Monitoring,
INC8540454,INC8540454,Problem: Check Application Monitoring,4,7,2026-09-20 07:00:04,,2026-09-20 07:00:32,No Intervention Required,,Team14,IC00014,monitoring.system,Software,Health Check Failure,Application Monitoring,
INC8540444,INC8540444,Problem: CPU Used in %,4,7,2026-09-20 06:57:44,,2026-09-20 07:07:33,No Intervention Required,,Team14,IC00100,monitoring.system,Hardware,CPU/Memory Threshold,Cloud Servers,
INC8540443,INC8540443,Problem: CPU Used in %,4,7,2026-09-20 06:57:42,,2026-09-20 07:07:31,No Intervention Required,,Team14,IC00100,monitoring.system,Hardware,CPU/Memory Threshold,Cloud Servers,
INC8540440,INC8540440,Problem: Apache Busy Workers,3,7,2026-09-20 06:51:46,,2026-09-20 06:56:05,No Intervention Required,,Team14,IC05773,monitoring.system,Hardware,Hypervisor Failure,Cloud Servers,
INC8540438,INC8540438,Problem: IC06745 - IC01442 - Servers with Hypervisor error: 158045,4,7,2026-09-20 06:50:52,,2026-09-20 07:00:49,No Intervention Required,,Team14,IC04860,monitoring.system,Software,General Support,Shared Hosting,
INC8540437,INC8540437,Problem: Check Application Monitoring,4,7,2026-09-20 06:49:55,,2026-09-20 06:50:34,No Intervention Required,,Team14,IC00014,monitoring.system,Software,Health Check Failure,Application Monitoring,
INC8540436,INC8540436,Problem: Check Application Monitoring,4,7,2026-09-20 06:47:26,,2026-09-20 06:51:41,No Intervention Required,,Team14,IC00008,monitoring.system,Software,Monitoring Alert,Application Monitoring,
INC8540434,INC8540434,Problem: Interface Gi0/50: High bandwidth usage >85%,3,7,2026-09-20 06:45:34,,2026-09-20 06:46:22,No Intervention Required,,Team12,IC02989,monitoring.system,Network,Interface Flap,Network,
INC8540433,INC8540433,Problem: Interface Ethernet1/27: High bandwidth usage >85%,3,7,2026-09-20 06:44:27,,2026-09-20 06:46:20,No Intervention Required,,Team12,IC02990,monitoring.system,Network,Connectivity Loss,Network,
INC8540432,INC8540432,Problem: Interface TenGigabitEthernet 0/69: High bandwidth usage >85%,3,7,2026-09-20 06:42:50,,2026-09-20 06:51:58,No Intervention Required,,Team12,IC01492,monitoring.system,Network,High Latency,Network,
INC8540430,INC8540430,Problem: Interface TenGigabitEthernet 1/0/58: High bandwidth usage >85%,3,7,2026-09-20 06:41:08,,2026-09-20 06:50:53,No Intervention Required,,Team12,IC03562,monitoring.system,Network,Connectivity Loss,Network,
INC8540429,INC8540429,Problem: Check Application Monitoring,4,7,2026-09-20 06:40:40,,2026-09-20 06:50:36,No Intervention Required,,Team14,IC00367,monitoring.system,Software,Monitoring Alert,Application Monitoring,
INC8540428,INC8540428,"Problem: Service ""MEIMAPS (MEIMAPS) is not running (startup type Automatic)",2,7,2026-09-20 06:38:55,2026-09-20 06:46:55,2026-09-20 06:52:29,Application Failure,Contorno,Team14,IC05770,monitoring.system,Software,Backup Job Failure,Backup Service,
INC8540427,INC8540427,Problem: Apache Busy Workers,3,7,2026-09-20 06:35:57,,2026-09-20 07:26:52,No Intervention Required,,Team14,IC00141,monitoring.system,Software,General Support,Shared Hosting,
INC8540426,INC8540426,Problem: Service LWSentinelSVC isn't running,4,7,2026-09-20 06:35:46,,2026-09-20 06:37:01,No Intervention Required,,Team14,IC05770,monitoring.system,Software,Backup Job Failure,Backup Service,
INC8540425,INC8540425,"Problem: Service ""SMTPSVC"" (Simple Mail Transfer Protocol (IC00622)) is not running (startup type automatic)",4,7,2026-09-20 06:34:31,,2026-09-20 07:23:29,No Intervention Required,,Team14,IC01011,monitoring.system,Software,Service Port Down,Shared Hosting,
INC8540424,INC8540424,Problem: Check Application Monitoring,4,7,2026-09-20 06:33:45,,2026-09-20 15:43:33,No Intervention Required,,Team14,IC00901,monitoring.system,Software,Health Check Failure,Application Monitoring,
INC8540423,INC8540423,Problem: Check Application Monitoring VIP,4,7,2026-09-20 06:31:31,,2026-09-20 06:32:12,No Intervention Required,,Team14,IC00008,monitoring.system,Software,Monitoring Alert,Application Monitoring,
INC8540420,INC8540420,Problem: Check Application Monitoring,4,7,2026-09-20 06:23:25,,2026-09-20 06:23:58,No Intervention Required,,Team14,IC00901,monitoring.system,Software,Health Check Failure,Application Monitoring,
INC8540419,INC8540419,Problem: IC06745 - IC01442 - Activation fail: ID: 101842,4,7,2026-09-20 06:21:50,,2026-09-20 07:12:59,No Intervention Required,,Team14,IC04860,monitoring.system,Software,General Support,Shared Hosting,
INC8540418,INC8540418,Problem: Check Application Monitoring,4,7,2026-09-20 06:20:07,,2026-09-20 06:20:35,No Intervention Required,,Team14,IC00014,monitoring.system,Software,Health Check Failure,Application Monitoring,
INC8540417,INC8540417,Problem: Check Application Monitoring,4,7,2026-09-20 06:20:05,,2026-09-20 06:20:39,No Intervention Required,,Team14,IC00367,monitoring.system,Software,Monitoring Alert,Application Monitoring,
INC8540416,INC8540416,Problem: Unavailable by ICMP ping,2,7,2026-09-20 06:16:23,2026-09-20 06:31:45,2026-09-20 06:39:00,Application Failure,Contorno,Team14,IC05770,monitoring.system,Software,Backup Job Failure,Backup Service,
INC8540413,INC8540413,Problem: Check Application Monitoring,4,7,2026-09-20 06:15:26,,2026-09-20 06:46:04,No Intervention Required,,Team14,IC00024,monitoring.system,Software,Health Check Failure,Application Monitoring,
INC8540412,INC8540412,Problem: IOwait grown up CPU queue,4,7,2026-09-20 06:14:10,,2026-09-20 06:46:06,No Intervention Required,,Team14,IC00129,monitoring.system,Hardware,CPU/Memory Threshold,Cloud Servers,
INC8540409,INC8540409,Problem: Check Service Bacula isn`t running,3,7,2026-09-20 06:13:22,2026-09-20 07:25:29,,Application Failure,Contorno,Team14,IC00109,monitoring.system,Hardware,Disk/Swap Space,Cloud Servers,
INC8540408,INC8540408,Problem: Check Application Monitoring,4,7,2026-09-20 06:11:58,,2026-09-20 06:12:31,No Intervention Required,,Team14,IC00019,monitoring.system,Software,Health Check Failure,Application Monitoring,
INC8540407,INC8540407,Problem: Disk I/O is overloaded on IC00129,4,7,2026-09-20 06:08:32,,2026-09-20 06:34:40,No Intervention Required,,Team14,IC00129,monitoring.system,Hardware,CPU/Memory Threshold,Cloud Servers,
INC8540404,INC8540404,Problem: Apache Busy Workers,3,7,2026-09-20 06:07:09,,2026-09-20 06:26:28,No Intervention Required,,Team14,IC00141,monitoring.system,Software,General Support,Shared Hosting,
INC8540403,INC8540403,Problem: IC06745 - IC01442 - Installation fail: ID: 174132,4,7,2026-09-20 06:06:49,,2026-09-20 07:19:28,No Intervention Required,,Team14,IC04860,monitoring.system,Software,General Support,Shared Hosting,
INC8540402,INC8540402,Problem: Check Application Monitoring,4,7,2026-09-20 06:05:10,,2026-09-20 06:05:45,No Intervention Required,,Team14,IC00032,monitoring.system,Software,Health Check Failure,Application Monitoring,
INC8540400,INC8540400,Problem: Check Application Monitoring,4,7,2026-09-20 06:00:11,,2026-09-20 06:10:23,No Intervention Required,,Team14,IC00014,monitoring.system,Software,Health Check Failure,Application Monitoring,
INC8540398,INC8540398,Problem: Apache Busy Workers,3,7,2026-09-20 05:56:43,,2026-09-20 06:00:53,No Intervention Required,,Team14,IC00037,monitoring.system,Hardware,CPU/Memory Threshold,Cloud Servers,
INC8540397,INC8540397,Problem: IC06745 - IC01442 - Servers with Hypervisor error: 106508,4,7,2026-09-20 05:55:51,2026-09-20 07:05:15,,Application Failure,Contorno,Team14,IC04860,monitoring.system,Software,General Support,Shared Hosting,
INC8540396,INC8540396,Problem: IC06745 - IC01442 - Servers with Hypervisor error: 153239,4,7,2026-09-20 05:55:49,2026-09-20 07:03:15,,Application Failure,Contorno,Team14,IC04860,monitoring.system,Software,General Support,Shared Hosting,
INC8540395,INC8540395,Problem: Check Application Monitoring,4,7,2026-09-20 05:55:33,,2026-09-20 06:05:50,No Intervention Required,,Team14,IC00024,monitoring.system,Software,Health Check Failure,Application Monitoring,
INC8540392,INC8540392,Problem: Check Application Monitoring,4,7,2026-09-20 05:53:20,,2026-09-20 05:58:48,No Intervention Required,,Team14,IC02761,monitoring.system,Software,Monitoring Alert,Application Monitoring,
INC8540391,INC8540391,Problem: IC06745 - IC01442 - Servers with Hypervisor error: 170662,4,7,2026-09-20 05:50:54,2026-09-20 07:02:10,,Application Failure,Contorno,Team14,IC04860,monitoring.system,Software,General Support,Shared Hosting,
INC8540390,INC8540390,Problem: IC06745 - IC01442 - Servers with Hypervisor error: 158045,4,7,2026-09-20 05:50:53,2026-09-20 07:00:43,,Application Failure,Contorno,Team14,IC04860,monitoring.system,Software,General Support,Shared Hosting,
INC8540389,INC8540389,Problem: IC06745 - IC01442 - Servers with Hypervisor error: 168683,4,7,2026-09-20 05:50:51,2026-09-20 06:58:17,,Application Failure,Contorno,Team14,IC04860,monitoring.system,Software,General Support,Shared Hosting,
INC8540387,INC8540387,Problem: Check Application Monitoring,4,7,2026-09-20 05:49:52,,2026-09-20 05:50:34,No Intervention Required,,Team14,IC00014,monitoring.system,Software,Health Check Failure,Application Monitoring,
INC8540386,INC8540386,Problem: Apache Busy Workers,3,7,2026-09-20 05:42:11,,2026-09-20 05:56:20,No Intervention Required,,Team14,IC00141,monitoring.system,Software,General Support,Shared Hosting,
INC8540384,INC8540384,Problem: CPU Used in %,4,7,2026-09-20 05:32:34,,2026-09-20 05:37:44,No Intervention Required,,Team14,IC00100,monitoring.system,Hardware,CPU/Memory Threshold,Cloud Servers,
INC8540383,INC8540383,Problem: CPU Used in %,4,7,2026-09-20 05:32:33,,2026-09-20 05:37:45,No Intervention Required,,Team14,IC00100,monitoring.system,Hardware,CPU/Memory Threshold,Cloud Servers,
INC8540382,INC8540382,Problem: Free disk space is less than 10% on volume /,4,7,2026-09-20 05:32:09,,2026-09-20 06:00:55,No Intervention Required,,Team14,IC00114,monitoring.system,Hardware,RAID/Storage Failure,Cloud Servers,
INC8540381,INC8540381,Problem: Check PostgreSQL Replication Slave,4,7,2026-09-20 05:31:34,,2026-09-20 05:50:05,No Intervention Required,,Team02,IC00243,monitoring.system,Software,Database Service Down,Database Hosting,
INC8540380,INC8540380,Problem: Check Application Monitoring,4,7,2026-09-20 05:30:14,,2026-09-20 05:35:44,No Intervention Required,,Team14,IC00024,monitoring.system,Software,Health Check Failure,Application Monitoring,
INC8540378,INC8540378,Problem: Interface TenGigabitEthernet 0/69: High bandwidth usage >85%,3,7,2026-09-20 05:28:16,,2026-09-20 07:20:35,No Intervention Required,,Team12,IC01492,monitoring.system,Network,High Latency,Network,
INC8540377,INC8540377,Problem: Check Application Monitoring,4,7,2026-09-20 05:28:00,,2026-09-20 05:28:38,No Intervention Required,,Team14,IC00002,monitoring.system,Software,Health Check Failure,Application Monitoring,
INC8540375,INC8540375,Problem: Interface TenGigabitEthernet 1/0/58: High bandwidth usage >85%,3,7,2026-09-20 05:27:41,,2026-09-20 07:20:40,No Intervention Required,,Team12,IC03562,monitoring.system,Network,Connectivity Loss,Network,
INC8540372,INC8540372,Problem: Check Application Monitoring,4,7,2026-09-20 05:22:15,,2026-09-20 05:22:52,No Intervention Required,,Team14,IC00019,monitoring.system,Software,Health Check Failure,Application Monitoring,
INC8540371,INC8540371,Problem: Check Application Monitoring,4,7,2026-09-20 05:20:05,,2026-09-20 05:20:34,No Intervention Required,,Team14,IC00014,monitoring.system,Software,Health Check Failure,Application Monitoring,
INC8540365,INC8540365,Problem: FS: /mnt/a268d6a3-75c8-37d4-86c5-dcfcdb52b6ff isn't mounted,2,7,2026-09-20 05:16:47,2026-09-20 06:04:59,2026-09-20 06:07:27,False Positive,Contorno,Team03,IC05774,monitoring.system,Software,General Support,Shared Hosting,INC8540364
INC8540364,INC8540364,Problem: FS: /mnt/0b50080c-785d-3c82-9f8d-4bb654646745 isn't mounted,2,7,2026-09-20 05:16:44,2026-09-20 06:05:32,2026-09-20 06:07:26,False Positive,Contorno,Team03,IC05774,monitoring.system,Software,General Support,Shared Hosting,
INC8540363,INC8540363,Problem: FS: /mnt/19889873-8550-3441-8e1c-8d3d81046b9d isn't mounted,2,7,2026-09-20 05:16:42,2026-09-20 06:06:44,2026-09-20 06:07:25,False Positive,Contorno,Team03,IC05774,monitoring.system,Software,General Support,Shared Hosting,INC8540364
INC8540362,INC8540362,Problem: FS: /mnt/2ea796f8-40f6-370e-a0cf-4da749bd4602 isn't mounted,2,7,2026-09-20 05:16:40,2026-09-20 06:06:12,2026-09-20 06:07:24,False Positive,Contorno,Team03,IC05774,monitoring.system,Software,General Support,Shared Hosting,INC8540364
INC8540361,INC8540361,Problem: Free Disk Space is less than 10% on volume /home/storage,3,7,2026-09-20 05:12:35,2026-09-20 12:39:16,,Operating System Failure,Contorno,Team14,IC03021,monitoring.system,Hardware,RAID/Storage Failure,Cloud Servers,
INC8540360,INC8540360,Problem: Pool: /Common/xpl_lw-criador-sites_https has backends off,4,7,2026-09-20 05:11:23,,2026-09-20 05:12:15,No Intervention Required,,Team14,,monitoring.system,Software,General Support,Shared Hosting,
INC8540359,INC8540359,Problem: Check Application Monitoring,4,7,2026-09-20 05:10:42,,2026-09-20 05:15:59,No Intervention Required,,Team14,IC00024,monitoring.system,Software,Health Check Failure,Application Monitoring,
INC8540358,INC8540358,Problem: Service cloudstack-usage isn`t running,3,7,2026-09-20 05:10:14,,,Other,Definitiva,Team03,IC05775,monitoring.system,Software,Service Unavailable,VPS Hosting,
INC8540357,INC8540357,Problem: Health Check Monitoring IC00161 is Down,3,7,2026-09-20 05:08:28,,2026-09-20 05:20:38,No Intervention Required,,Team14,IC00161,monitoring.system,Network,Interface Flap,Network,
INC8540356,INC8540356,Problem: Disk I/O is overloaded on IC00546,4,7,2026-09-20 05:08:26,,2026-09-20 06:06:56,No Intervention Required,,Team14,IC00546,monitoring.system,Software,General Support,Shared Hosting,
INC8540354,INC8540354,Problem: Check Application Monitoring,4,7,2026-09-20 05:08:24,,2026-09-20 05:09:02,No Intervention Required,,Team14,IC02447,monitoring.system,Software,Health Check Failure,Application Monitoring,
INC8540352,INC8540352,Problem: Disk I/O is overloaded on IC00547,4,7,2026-09-20 05:08:16,,2026-09-20 05:56:19,No Intervention Required,,Team14,IC00547,monitoring.system,Software,General Support,Shared Hosting,
INC8540351,INC8540351,Problem: Apache Busy Workers,3,7,2026-09-20 05:06:46,,2026-09-20 05:31:33,No Intervention Required,,Team14,IC00141,monitoring.system,Software,General Support,Shared Hosting,
INC8540350,INC8540350,Problem: CPU 2 - Usage > 97%,3,7,2026-09-20 05:06:43,,2026-09-20 06:52:21,No Intervention Required,,Team12,IC00458,monitoring.system,Hardware,CPU/Memory Threshold,Cloud Servers,
INC8540349,INC8540349,Problem: CPU 2 - Usage > 97%,3,7,2026-09-20 05:06:43,,2026-09-20 05:11:14,No Intervention Required,,Team12,IC00458,monitoring.system,Hardware,CPU/Memory Threshold,Cloud Servers,
INC8540347,INC8540347,Problem: CPU 2 - Usage > 90%,3,7,2026-09-20 05:04:33,,2026-09-20 06:52:20,No Intervention Required,,Team12,IC00458,monitoring.system,Hardware,CPU/Memory Threshold,Cloud Servers,
INC8540348,INC8540348,Problem: CPU 2 - Usage > 90%,3,7,2026-09-20 05:04:33,,2026-09-20 05:11:17,No Intervention Required,,Team12,IC00458,monitoring.system,Hardware,CPU/Memory Threshold,Cloud Servers,
INC8540346,INC8540346,Problem: CPU 4 - Usage > 90%,3,7,2026-09-20 05:04:32,,2026-09-20 05:11:08,No Intervention Required,,Team12,IC00458,monitoring.system,Hardware,CPU/Memory Threshold,Cloud Servers,
INC8540345,INC8540345,Problem: CPU 4 - Usage > 90%,3,7,2026-09-20 05:04:32,,2026-09-20 06:52:20,No Intervention Required,,Team12,IC00458,monitoring.system,Hardware,CPU/Memory Threshold,Cloud Servers,
INC8540344,INC8540344,Problem: Apache Busy Workers,3,7,2026-09-20 05:03:55,,2026-09-20 07:23:53,No Intervention Required,,Team14,IC00557,monitoring.system,Hardware,CPU/Memory Threshold,Cloud Servers,
INC8540343,INC8540343,Problem: Check Application Monitoring,4,7,2026-09-20 05:02:24,,2026-09-20 05:03:15,No Intervention Required,,Team14,IC00326,monitoring.system,Software,Health Check Failure,Application Monitoring,
INC8540342,INC8540342,Problem: Interface Gi0/50: High bandwidth usage >85%,3,7,2026-09-20 05:02:19,,2026-09-20 05:06:15,No Intervention Required,,Team12,IC02989,monitoring.system,Network,Interface Flap,Network,
INC8540341,INC8540341,Problem: Check Application Monitoring,4,7,2026-09-20 05:02:15,,2026-09-20 05:02:18,No Intervention Required,,Team14,IC00361,monitoring.system,Network,Interface Flap,Network,
INC8540339,INC8540339,Problem: Interface Ethernet1/27: High bandwidth usage >85%,3,7,2026-09-20 05:01:04,,2026-09-20 05:03:21,No Intervention Required,,Team12,IC02990,monitoring.system,Network,Connectivity Loss,Network,
INC8540338,INC8540338,Problem: Lack of free swap space,4,7,2026-09-20 05:00:55,,,No Intervention Required,,Team03,IC00947,monitoring.system,Network,Interface Flap,Network,
INC8540336,INC8540336,Problem: Check Application Monitoring,4,7,2026-09-20 05:00:06,,2026-09-20 05:00:50,No Intervention Required,,Team14,IC00014,monitoring.system,Software,Health Check Failure,Application Monitoring,
INC8540317,INC8540317,Problem: Check Application Monitoring,4,7,2026-09-20 04:56:38,,2026-09-20 04:57:14,No Intervention Required,,Team14,IC00007,monitoring.system,Software,Health Check Failure,Application Monitoring,
INC8540316,INC8540316,Problem: IC06745 - IC01442 - Servers with Hypervisor error: 170662,4,7,2026-09-20 04:56:02,,2026-09-20 05:40:50,No Intervention Required,,Team14,IC04860,monitoring.system,Software,General Support,Shared Hosting,
INC8540315,INC8540315,Problem: IC06745 - IC01442 - Servers with Hypervisor error: 168683,4,7,2026-09-20 04:56:01,,2026-09-20 05:40:47,No Intervention Required,,Team14,IC04860,monitoring.system,Software,General Support,Shared Hosting,
INC8540314,INC8540314,Problem: IC06745 - IC01442 - Servers with Hypervisor error: 158045,4,7,2026-09-20 04:55:59,,2026-09-20 05:40:54,No Intervention Required,,Team14,IC04860,monitoring.system,Software,General Support,Shared Hosting,
INC8540311,INC8540311,Problem: IC06745 - IC01442 - Servers with Hypervisor error: 130851,4,7,2026-09-20 04:50:58,,,No Intervention Required,,Team09,IC04860,monitoring.system,Software,General Support,Shared Hosting,
INC8540310,INC8540310,Problem: Check Application Monitoring,4,7,2026-09-20 04:45:08,,2026-09-20 04:45:32,No Intervention Required,,Team14,IC00032,monitoring.system,Software,Health Check Failure,Application Monitoring,
INC8540308,INC8540308,Problem: Apache Busy Workers,3,7,2026-09-20 04:41:56,,2026-09-20 04:56:05,No Intervention Required,,Team14,IC00141,monitoring.system,Software,General Support,Shared Hosting,
INC8540307,INC8540307,Problem: Check Application Monitoring,4,7,2026-09-20 04:40:09,,2026-09-20 04:50:23,No Intervention Required,,Team14,IC00014,monitoring.system,Software,Health Check Failure,Application Monitoring,
INC8540306,INC8540306,Problem: Check PostgreSQL Replication Slave,4,7,2026-09-20 04:39:40,,2026-09-20 05:07:04,No Intervention Required,,Team14,IC00917,monitoring.system,Software,Database Service Down,Database Hosting,
INC8540304,INC8540304,Problem: Check Application Monitoring,4,7,2026-09-20 04:35:33,,2026-09-20 04:56:07,No Intervention Required,,Team14,IC00024,monitoring.system,Software,Health Check Failure,Application Monitoring,
INC8540302,INC8540302,Problem: Check Application Monitoring,4,7,2026-09-20 04:29:56,,2026-09-20 04:30:29,No Intervention Required,,Team14,IC00014,monitoring.system,Software,Health Check Failure,Application Monitoring,
INC8540300,INC8540300,Problem: Check: HTTP Type: tcp on Port: 80 Not Running,4,7,2026-09-20 04:27:08,,2026-09-20 06:40:56,No Intervention Required,,Team14,IC00286,monitoring.system,Software,Service Port Down,Shared Hosting,
INC8540299,INC8540299,Problem: IC07174 agent on IC00992 is unreachable for 10 minutes,3,7,2026-09-20 04:21:10,,2026-09-20 04:27:06,No Intervention Required,,Team14,IC00992,monitoring.system,Software,General Support,Shared Hosting,
INC8540298,INC8540298,Problem: Check MySQL,2,7,2026-09-20 04:19:19,,2026-09-20 04:23:06,No Intervention Required,,Team14,IC03644,monitoring.system,Software,Replication Failure,Database Hosting,
INC8540296,INC8540296,Problem: Check Application Monitoring,4,7,2026-09-20 04:18:51,,2026-09-20 04:23:39,No Intervention Required,,Team14,IC02447,monitoring.system,Software,Health Check Failure,Application Monitoring,
INC8540295,INC8540295,Problem: Check MySQL on port 3306,3,7,2026-09-20 04:18:10,,2026-09-20 04:24:32,No Intervention Required,,Team14,IC03644,monitoring.system,Software,Replication Failure,Database Hosting,INC8540298
INC8540294,INC8540294,Problem: Check Application Monitoring,4,7,2026-09-20 04:17:34,,2026-09-20 04:17:44,No Intervention Required,,Team14,IC00019,monitoring.system,Software,Health Check Failure,Application Monitoring,
INC8540293,INC8540293,Problem: Check Application Monitoring,4,7,2026-09-20 04:16:31,,2026-09-20 04:16:38,No Intervention Required,,Team14,IC02448,monitoring.system,Software,Monitoring Alert,Application Monitoring,
INC8540292,INC8540292,Problem: Check Application Monitoring,4,7,2026-09-20 04:15:27,,2026-09-20 04:15:30,No Intervention Required,,Team14,IC00367,monitoring.system,Software,Monitoring Alert,Application Monitoring,
INC8540290,INC8540290,Problem: Check Application Monitoring,4,7,2026-09-20 04:13:08,,2026-09-20 04:13:53,No Intervention Required,,Team14,IC00262,monitoring.system,Software,Health Check Failure,Application Monitoring,
INC8540289,INC8540289,Problem: Free disk space is less than 10% on volume /,4,7,2026-09-20 04:11:47,,2026-09-20 06:02:22,No Intervention Required,,Team14,IC00081,monitoring.system,Hardware,RAID/Storage Failure,Cloud Servers,
INC8540283,INC8540283,Problem: Check Application Monitoring,4,7,2026-09-20 04:05:10,,2026-09-20 04:05:45,No Intervention Required,,Team14,IC00367,monitoring.system,Software,Monitoring Alert,Application Monitoring,
INC8540282,INC8540282,Problem: Check Application Monitoring,4,7,2026-09-20 04:02:29,,2026-09-20 04:06:58,No Intervention Required,,Team14,IC00019,monitoring.system,Software,Health Check Failure,Application Monitoring,
INC8540281,INC8540281,Problem: Check: HTTPS Type: tcp on Port: 443 Not Running,4,7,2026-09-20 03:56:54,,2026-09-20 06:40:51,No Intervention Required,,Team14,IC00286,monitoring.system,Software,Service Port Down,Shared Hosting,
INC8540280,INC8540280,Problem: Check Application Monitoring,4,7,2026-09-20 03:55:42,,2026-09-20 03:56:19,No Intervention Required,,Team14,IC00024,monitoring.system,Software,Health Check Failure,Application Monitoring,
INC8540279,INC8540279,Problem: Apache Busy Workers,3,7,2026-09-20 03:55:24,,2026-09-20 04:00:39,No Intervention Required,,Team14,IC01701,monitoring.system,Hardware,Disk/Swap Space,Cloud Servers,
INC8540278,INC8540278,Problem: Unavailable by ICMP ping,2,7,2026-09-20 03:55:24,2026-09-20 04:05:14,2026-09-20 04:06:37,Caused By Change,Definitiva,Team05,IC05309,monitoring.system,Software,General Support,Shared Hosting,
INC8540273,INC8540273,Problem: Check Application Monitoring,4,7,2026-09-20 03:53:26,,2026-09-20 03:53:58,No Intervention Required,,Team14,IC02447,monitoring.system,Software,Health Check Failure,Application Monitoring,
INC8540272,INC8540272,Problem: IC07174 agent on IC00996 is unreachable for 10 minutes,3,7,2026-09-20 03:52:42,,2026-09-20 04:10:29,No Intervention Required,,Team14,IC00996,monitoring.system,Software,General Support,Shared Hosting,
INC8540271,INC8540271,Problem: CPU Used in %,4,7,2026-09-20 03:52:15,,2026-09-20 03:57:28,No Intervention Required,,Team14,IC00100,monitoring.system,Hardware,CPU/Memory Threshold,Cloud Servers,
INC8540270,INC8540270,Problem: Check Application Monitoring,4,7,2026-09-20 03:50:06,,2026-09-20 03:50:35,No Intervention Required,,Team14,IC00014,monitoring.system,Software,Health Check Failure,Application Monitoring,
INC8540268,INC8540268,[MONITORAÇÃO] Falha em disco 1 [antares0014],4,7,2026-09-20 03:47:11,,,Hardware Failure,Definitiva,Team17,IC03853,itsm.operator,Software,General Support,Shared Hosting,
INC8540266,INC8540266,Problem: Check Application Monitoring,4,7,2026-09-20 03:43:07,,2026-09-20 03:48:27,No Intervention Required,,Team14,IC02761,monitoring.system,Software,Monitoring Alert,Application Monitoring,
INC8540265,INC8540265,Problem: IC06745 - IC01442 - Activation fail: ID: 101842,4,7,2026-09-20 03:42:46,,2026-09-20 05:43:48,No Intervention Required,,Team14,IC04860,monitoring.system,Software,General Support,Shared Hosting,
INC8540263,INC8540263,Problem: IC06745 - IC01442 - Upgrade fail: ID: 174072,4,7,2026-09-20 03:40:46,,2026-09-20 04:14:24,No Intervention Required,,Team14,IC04860,monitoring.system,Software,General Support,Shared Hosting,
INC8540261,INC8540261,Problem: Free disk space is less than 10% on volume /,4,7,2026-09-20 03:38:33,,2026-09-20 03:45:37,No Intervention Required,,Team14,IC00121,monitoring.system,Hardware,RAID/Storage Failure,Cloud Servers,
INC8540260,INC8540260,Problem: CPU Used in %,4,7,2026-09-20 03:37:27,,2026-09-20 03:42:29,No Intervention Required,,Team14,IC00100,monitoring.system,Hardware,CPU/Memory Threshold,Cloud Servers,
INC8540259,INC8540259,Problem: CPU Used in %,4,7,2026-09-20 03:37:25,,2026-09-20 03:57:30,No Intervention Required,,Team14,IC00100,monitoring.system,Hardware,CPU/Memory Threshold,Cloud Servers,
INC8540258,INC8540258,Problem: IC07174 agent on IC00995 is unreachable for 10 minutes,3,7,2026-09-20 03:37:10,,2026-09-20 04:11:30,No Intervention Required,,Team14,IC00995,monitoring.system,Software,General Support,Shared Hosting,
INC8540256,INC8540256,Problem: Check Application Monitoring,4,7,2026-09-20 03:30:17,,2026-09-20 03:31:00,No Intervention Required,,Team14,IC00024,monitoring.system,Software,Health Check Failure,Application Monitoring,
INC8540255,INC8540255,Problem: Check Application Monitoring,4,7,2026-09-20 03:27:54,,2026-09-20 03:28:37,No Intervention Required,,Team14,IC02761,monitoring.system,Software,Monitoring Alert,Application Monitoring,
INC8540254,INC8540254,Problem: Check Application Monitoring VIP,4,7,2026-09-20 03:26:47,,2026-09-20 03:27:29,No Intervention Required,,Team14,IC00008,monitoring.system,Software,Monitoring Alert,Application Monitoring,
INC8540253,INC8540253,Problem: Check Application Monitoring,4,7,2026-09-20 03:23:19,,2026-09-20 03:23:56,No Intervention Required,,Team14,IC00256,monitoring.system,Software,Monitoring Alert,Application Monitoring,
INC8540252,INC8540252,Problem: MySQL Error peer_address >0 at least 10m,4,7,2026-09-20 03:16:49,,,Other,Definitiva,Team02,IC03829,monitoring.system,Software,Replication Failure,Database Hosting,
INC8540251,INC8540251,Problem: Disk I/O is overloaded on IC01525,4,7,2026-09-20 03:11:34,,2026-09-20 03:12:27,No Intervention Required,,Team14,IC01525,monitoring.system,Software,General Support,Shared Hosting,
INC8540250,INC8540250,Problem: IOwait grown up CPU queue,4,7,2026-09-20 03:11:25,,2026-09-20 03:42:31,No Intervention Required,,Team14,IC00454,monitoring.system,Software,General Support,Shared Hosting,
INC8540249,INC8540249,Problem: IC06745 - IC01442 - Servers with Hypervisor error: 153239,4,7,2026-09-20 03:10:59,,2026-09-20 05:40:52,No Intervention Required,,Team14,IC04860,monitoring.system,Software,General Support,Shared Hosting,
INC8540248,INC8540248,Problem: Apache Busy Workers,3,7,2026-09-20 03:10:30,,2026-09-20 03:15:26,No Intervention Required,,Team14,IC00017,monitoring.system,Software,General Support,Shared Hosting,
INC8540247,INC8540247,Problem: Disk I/O is overloaded on IC00561,4,7,2026-09-20 03:09:14,,2026-09-20 03:27:31,No Intervention Required,,Team14,IC00561,monitoring.system,Software,General Support,Shared Hosting,
INC8540246,INC8540246,Problem: Disk I/O is overloaded on IC00454,4,7,2026-09-20 03:08:03,,2026-09-20 03:32:17,No Intervention Required,,Team14,IC00454,monitoring.system,Software,General Support,Shared Hosting,
INC8540244,INC8540244,Problem: Apache Busy Workers,3,7,2026-09-20 03:04:35,,2026-09-20 03:05:29,No Intervention Required,,Team14,IC01925,monitoring.system,Hardware,CPU/Memory Threshold,Cloud Servers,
INC8540243,INC8540243,Problem: Free disk space is less than 10% on volume /,4,7,2026-09-20 03:04:28,,2026-09-20 03:14:07,No Intervention Required,,Team14,IC00113,monitoring.system,Software,General Support,Shared Hosting,
INC8540237,INC8540237,Problem: IOwait grown up CPU queue,4,7,2026-09-20 03:02:24,,2026-09-20 03:04:07,No Intervention Required,,Team14,IC00563,monitoring.system,Software,General Support,Shared Hosting,
INC8540236,INC8540236,Problem: IC06745 - IC01442 - Servers with Hypervisor error: 106508,4,7,2026-09-20 03:01:01,,2026-09-20 05:45:50,No Intervention Required,,Team14,IC04860,monitoring.system,Software,General Support,Shared Hosting,
INC8540234,INC8540234,Problem: Check Application Monitoring,4,7,2026-09-20 03:00:05,,2026-09-20 03:00:44,No Intervention Required,,Team14,IC00014,monitoring.system,Software,Health Check Failure,Application Monitoring,
INC8540231,INC8540231,Problem: IC06745 - IC01442 - Servers with Hypervisor error: 130851,4,7,2026-09-20 02:56:00,,2026-09-20 04:40:58,No Intervention Required,,Team14,IC04860,monitoring.system,Software,General Support,Shared Hosting,
INC8540230,INC8540230,Problem: IC06745 - IC01442 - Servers with Hypervisor error: 153239,4,7,2026-09-20 02:55:58,,2026-09-20 03:00:59,No Intervention Required,,Team14,IC04860,monitoring.system,Software,General Support,Shared Hosting,
INC8540229,INC8540229,Problem: Disk I/O is overloaded on IC00563,4,7,2026-09-20 02:54:15,,2026-09-20 02:58:33,No Intervention Required,,Team14,IC00563,monitoring.system,Software,General Support,Shared Hosting,
INC8540227,INC8540227,Problem: Check Application Monitoring,4,7,2026-09-20 02:50:48,,2026-09-20 02:56:04,No Intervention Required,,Team14,IC00024,monitoring.system,Software,Health Check Failure,Application Monitoring,
INC8540226,INC8540226,Problem: 90 % used on Vdom Active Sessions FVBG2ITA001,2,7,2026-09-20 02:49:38,,2026-09-20 02:58:31,No Intervention Required,,Team12,IC00528,monitoring.system,Software,General Support,Shared Hosting,
INC8540215,INC8540215,Problem: 70 % used on Vdom Active Sessions FVBG2ITA001,3,7,2026-09-20 02:44:56,,2026-09-20 02:54:53,No Intervention Required,,Team12,IC00528,monitoring.system,Software,General Support,Shared Hosting,
INC8540208,INC8540208,Problem: Free disk space is less than 10% on volume /,4,7,2026-09-20 02:42:18,,2026-09-20 02:47:48,No Intervention Required,,Team14,IC00113,monitoring.system,Software,General Support,Shared Hosting,
INC8540207,INC8540207,Problem: Free disk space is less than 10% on volume /,4,7,2026-09-20 02:40:46,,2026-09-20 02:45:53,No Intervention Required,,Team14,IC00114,monitoring.system,Hardware,RAID/Storage Failure,Cloud Servers,
INC8540195,INC8540195,Problem: Free disk space is less than 10% on volume /,4,7,2026-09-20 02:36:50,,2026-09-20 02:38:31,No Intervention Required,,Team14,IC00283,monitoring.system,Hardware,Disk/Swap Space,Cloud Servers,
INC8540184,INC8540184,Problem: Check Application Monitoring,4,7,2026-09-20 02:31:50,,2026-09-20 02:37:25,No Intervention Required,,Team14,IC00008,monitoring.system,Software,Monitoring Alert,Application Monitoring,
INC8540170,INC8540170,Problem: IC07174 agent on IC00993 is unreachable for 10 minutes,3,7,2026-09-20 02:29:43,,2026-09-20 04:11:28,No Intervention Required,,Team14,IC00993,monitoring.system,Software,General Support,Shared Hosting,
INC8540120,INC8540120,Problem: Check Application Monitoring,4,7,2026-09-20 02:20:26,,2026-09-20 02:41:07,No Intervention Required,,Team14,IC00024,monitoring.system,Software,Health Check Failure,Application Monitoring,
INC8540112,INC8540112,Problem: Free disk space is less than 10% on volume /,4,7,2026-09-20 02:19:26,,2026-09-20 03:42:22,No Intervention Required,,Team14,IC00310,monitoring.system,Hardware,Disk/Swap Space,Cloud Servers,
INC8540110,INC8540110,Problem: Check Application Monitoring,4,7,2026-09-20 02:19:16,,2026-09-20 02:19:50,No Intervention Required,,Team14,IC00224,monitoring.system,Software,Health Check Failure,Application Monitoring,
INC8540073,INC8540073,Problem: Free disk space is less than 10% on volume /,4,7,2026-09-20 02:14:42,,2026-09-20 03:41:01,No Intervention Required,,Team14,IC00184,monitoring.system,Hardware,RAID/Storage Failure,Cloud Servers,
INC8540062,INC8540062,Problem: Check Application Monitoring,4,7,2026-09-20 02:09:55,,2026-09-20 02:10:32,No Intervention Required,,Team14,IC00014,monitoring.system,Software,Health Check Failure,Application Monitoring,
INC8540055,INC8540055,Problem: Apache Busy Workers,3,7,2026-09-20 02:05:57,,2026-09-20 02:06:37,No Intervention Required,,Team14,IC01846,monitoring.system,Hardware,Hypervisor Failure,Cloud Servers,
INC8540046,INC8540046,Problem: Check Application Monitoring,4,7,2026-09-20 02:05:20,,2026-09-20 02:10:34,No Intervention Required,,Team14,IC00024,monitoring.system,Software,Health Check Failure,Application Monitoring,
INC8540040,INC8540040,Problem: Check Application Monitoring,4,7,2026-09-20 02:01:47,,2026-09-20 02:07:04,No Intervention Required,,Team14,IC00364,monitoring.system,Software,Health Check Failure,Application Monitoring,
INC8540039,INC8540039,Problem: Check Application Monitoring VIP,4,7,2026-09-20 02:01:46,,2026-09-20 02:02:28,No Intervention Required,,Team14,IC00008,monitoring.system,Software,Monitoring Alert,Application Monitoring,
INC8540033,INC8540033,Problem: Free disk space is less than 10% on volume /,4,7,2026-09-20 01:59:38,,2026-09-20 03:42:20,No Intervention Required,,Team14,IC00734,monitoring.system,Hardware,RAID/Storage Failure,Cloud Servers,
INC8540032,INC8540032,Problem: Disk I/O is overloaded on IC00203,4,7,2026-09-20 01:58:20,,2026-09-20 01:58:56,No Intervention Required,,Team14,IC00203,monitoring.system,Software,General Support,Shared Hosting,
INC8540031,INC8540031,Problem: Check Application Monitoring,4,7,2026-09-20 01:57:14,,2026-09-20 02:02:31,No Intervention Required,,Team14,IC00008,monitoring.system,Software,Monitoring Alert,Application Monitoring,
INC8540026,INC8540026,Problem: Apache Busy Workers,3,7,2026-09-20 01:50:54,,2026-09-20 02:10:57,No Intervention Required,,Team14,IC01701,monitoring.system,Hardware,Disk/Swap Space,Cloud Servers,
INC8540025,INC8540025,Problem: Apache Busy Workers,3,7,2026-09-20 01:50:36,,2026-09-20 01:54:41,No Intervention Required,,Team14,IC00716,monitoring.system,Hardware,CPU/Memory Threshold,Cloud Servers,
INC8540023,INC8540023,Problem: Disk I/O is overloaded on IC00203,4,7,2026-09-20 01:48:14,,2026-09-20 01:51:01,No Intervention Required,,Team14,IC00203,monitoring.system,Software,General Support,Shared Hosting,
INC8540022,INC8540022,Problem: Check Application Monitoring VIP,4,7,2026-09-20 01:42:26,,2026-09-20 01:47:40,No Intervention Required,,Team14,IC00019,monitoring.system,Software,Health Check Failure,Application Monitoring,
INC8540021,INC8540021,Problem: Interface Ethernet1/20 conectado ->  F5itaed01-a_LAN: LINK DOWN,3,7,2026-09-20 01:42:12,,2026-09-20 01:45:00,No Intervention Required,,Team12,IC02785,monitoring.system,Network,Connectivity Loss,Network,
INC8540020,INC8540020,Problem: Interface Ethernet1/19 conectado ->  F5itaed01-a_WAN: LINK DOWN,3,7,2026-09-20 01:42:09,,2026-09-20 01:44:58,No Intervention Required,,Team12,IC02785,monitoring.system,Network,Connectivity Loss,Network,
INC8540019,INC8540019,Problem: Apache Busy Workers,3,7,2026-09-20 01:41:01,,2026-09-20 01:46:05,No Intervention Required,,Team14,IC00636,monitoring.system,Hardware,Hypervisor Failure,Cloud Servers,
INC8540010,INC8540010,Problem: Check Application Monitoring,4,7,2026-09-20 01:36:47,,2026-09-20 01:42:01,No Intervention Required,,Team14,IC00364,monitoring.system,Software,Health Check Failure,Application Monitoring,
INC8540008,INC8540008,Problem: IC06745 - IC01442 - Upgrade fail: ID: 174072,4,7,2026-09-20 01:34:46,,2026-09-20 02:29:28,No Intervention Required,,Team14,IC04860,monitoring.system,Software,General Support,Shared Hosting,
INC8540007,INC8540007,Problem: Check Application Monitoring,4,7,2026-09-20 01:33:26,,2026-09-20 01:33:58,No Intervention Required,,Team14,IC02447,monitoring.system,Software,Health Check Failure,Application Monitoring,
INC8540006,INC8540006,Problem: Check Application Monitoring,4,7,2026-09-20 01:31:00,,2026-09-20 01:40:56,No Intervention Required,,Team14,IC00024,monitoring.system,Software,Health Check Failure,Application Monitoring,
INC8540005,INC8540005,Problem: Free disk space is less than 10% on volume /,4,7,2026-09-20 01:30:58,,2026-09-20 01:38:44,No Intervention Required,,Team14,IC00208,monitoring.system,Hardware,RAID/Storage Failure,Cloud Servers,
INC8540004,INC8540004,Problem: Check Application Monitoring,4,7,2026-09-20 01:30:57,,2026-09-20 01:35:15,No Intervention Required,,Team14,IC00367,monitoring.system,Software,Monitoring Alert,Application Monitoring,
INC8540002,INC8540002,Problem: Check Application Monitoring,4,7,2026-09-20 01:26:23,,2026-09-20 01:27:08,No Intervention Required,,Team14,IC02448,monitoring.system,Software,Monitoring Alert,Application Monitoring,
INC8540001,INC8540001,Problem: Free disk space is less than 10% on volume /,4,7,2026-09-20 01:22:53,,2026-09-20 03:49:08,No Intervention Required,,Team14,IC00177,monitoring.system,Hardware,RAID/Storage Failure,Cloud Servers,
INC8540000,INC8540000,Problem: Interface Ethernet1/20 conectado ->  F5itaed01-a_LAN: LINK DOWN,3,7,2026-09-20 01:22:19,,2026-09-20 01:25:13,No Intervention Required,,Team12,IC02785,monitoring.system,Network,Connectivity Loss,Network,
INC8539999,INC8539999,Problem: Interface Ethernet1/19 conectado ->  F5itaed01-a_WAN: LINK DOWN,3,7,2026-09-20 01:22:17,,2026-09-20 01:25:15,No Intervention Required,,Team12,IC02785,monitoring.system,Network,Connectivity Loss,Network,
INC8539998,INC8539998,Problem: Check Application Monitoring,4,7,2026-09-20 01:20:31,,2026-09-20 01:30:35,No Intervention Required,,Team14,IC00014,monitoring.system,Software,Health Check Failure,Application Monitoring,
INC8539996,INC8539996,Problem: IOwait grown up CPU queue,4,7,2026-09-20 01:18:20,,2026-09-20 01:44:25,No Intervention Required,,Team14,IC00566,monitoring.system,Software,General Support,Shared Hosting,
INC8539995,INC8539995,Problem: Check Application Monitoring,4,7,2026-09-20 01:16:00,,2026-09-20 01:20:18,No Intervention Required,,Team14,IC00024,monitoring.system,Software,Health Check Failure,Application Monitoring,
INC8539982,INC8539982,Problem: IC07174 agent on IC03875 is unreachable for 10 minutes,4,7,2026-09-20 01:10:54,2026-09-20 20:25:49,,Not Reproducible,Definitiva,Team02,IC03875,monitoring.system,Software,General Support,Shared Hosting,
INC8539971,INC8539971,Problem: Disk I/O is overloaded on IC00566,4,7,2026-09-20 01:09:03,,2026-09-20 01:32:57,No Intervention Required,,Team14,IC00566,monitoring.system,Software,General Support,Shared Hosting,
INC8539967,INC8539967,Problem: Disk I/O is overloaded on IC00069,4,7,2026-09-20 01:07:50,,2026-09-20 01:55:38,No Intervention Required,,Team14,IC00069,monitoring.system,Software,General Support,Shared Hosting,
INC8539928,INC8539928,Problem: Check Application Monitoring,4,7,2026-09-20 01:03:22,,2026-09-20 01:03:52,No Intervention Required,,Team14,IC00245,monitoring.system,Software,Monitoring Alert,Application Monitoring,
INC8539919,INC8539919,Problem: Check Application Monitoring,4,7,2026-09-20 00:59:56,,2026-09-20 01:00:29,No Intervention Required,,Team14,IC00014,monitoring.system,Software,Health Check Failure,Application Monitoring,
INC8539914,INC8539914,Problem: Check Application Monitoring,4,7,2026-09-20 00:56:22,,2026-09-20 00:57:05,No Intervention Required,,Team14,IC02448,monitoring.system,Software,Monitoring Alert,Application Monitoring,
INC8539912,INC8539912,Problem: Check Application Monitoring,4,7,2026-09-20 00:55:07,,2026-09-20 01:00:37,No Intervention Required,,Team14,IC00367,monitoring.system,Software,Monitoring Alert,Application Monitoring,
INC8539904,INC8539904,Problem: Apache Busy Workers,3,7,2026-09-20 00:51:37,,2026-09-20 00:55:57,No Intervention Required,,Team14,IC00158,monitoring.system,Software,General Support,Shared Hosting,
INC8539901,INC8539901,Problem: Free disk space is less than 10% on volume /,4,7,2026-09-20 00:50:15,,2026-09-20 00:53:48,No Intervention Required,,Team14,IC00408,monitoring.system,Software,General Support,Shared Hosting,
INC8539898,INC8539898,Problem: Interface Ethernet1/17: High bandwidth usage >85%,3,7,2026-09-20 00:48:09,,2026-09-20 01:24:02,No Intervention Required,,Team12,IC02991,monitoring.system,Network,High Latency,Network,INC8539897
INC8539897,INC8539897,Problem: Interface Gi0/51: High bandwidth usage >85%,3,7,2026-09-20 00:47:52,,2026-09-20 01:24:50,No Intervention Required,,Team12,IC02989,monitoring.system,Network,Interface Flap,Network,
INC8539896,INC8539896,Problem: CPU Used in %,4,7,2026-09-20 00:47:48,,2026-09-20 00:52:36,No Intervention Required,,Team14,IC00100,monitoring.system,Hardware,CPU/Memory Threshold,Cloud Servers,
INC8539895,INC8539895,Problem: CPU Used in %,4,7,2026-09-20 00:47:46,,2026-09-20 00:52:34,No Intervention Required,,Team14,IC00100,monitoring.system,Hardware,CPU/Memory Threshold,Cloud Servers,
INC8539894,INC8539894,Problem: Lack of available memory on server IC03014,4,7,2026-09-20 00:47:38,,2026-09-20 00:52:38,No Intervention Required,,Team14,IC03014,monitoring.system,Software,Service Port Down,Shared Hosting,
INC8539859,INC8539859,Liberação de dominio,3,7,2026-09-20 00:40:40,2026-09-20 09:11:39,,Other,Definitiva,Team11,IC02001,itsm.operator,Software,General Support,Shared Hosting,
INC8539858,INC8539858,Problem: Lack of available swap memory on server IC04202 less then 10%,3,7,2026-09-20 00:36:21,,2026-09-20 00:51:19,No Intervention Required,,Team05,IC04202,monitoring.system,Hardware,Disk/Swap Space,Cloud Servers,
INC8539857,INC8539857,Problem: Check Application Monitoring,4,7,2026-09-20 00:36:14,,2026-09-20 01:06:14,No Intervention Required,,Team14,IC00024,monitoring.system,Software,Health Check Failure,Application Monitoring,
INC8539856,INC8539856,Problem: Apache Busy Workers,3,7,2026-09-20 00:35:49,,2026-09-20 00:39:53,No Intervention Required,,Team14,IC00001,monitoring.system,Hardware,CPU/Memory Threshold,Cloud Servers,
INC8539854,INC8539854,dominio ''atualizando'',3,7,2026-09-20 00:32:05,2026-09-20 09:07:32,,Application Failure,Contorno,Team11,IC00349,itsm.operator,Software,DNS Zone Management,Domain Registration,
INC8539853,INC8539853,Problem: IC06745 - IC01442 - Upgrade fail: ID: 174072,4,7,2026-09-20 00:28:22,,2026-09-20 00:41:23,No Intervention Required,,Team14,IC04860,monitoring.system,Software,General Support,Shared Hosting,
INC8539852,INC8539852,Problem: Lack of available memory on server IC03014,4,7,2026-09-20 00:28:15,,2026-09-20 00:32:41,No Intervention Required,,Team14,IC03014,monitoring.system,Software,Service Port Down,Shared Hosting,
INC8539851,INC8539851,Problem: Interface Ethernet1/20 conectado ->  F5itaed01-b_LAN: LINK DOWN,3,7,2026-09-20 00:23:15,,2026-09-20 00:26:07,No Intervention Required,,Team12,IC02784,monitoring.system,Network,Connectivity Loss,Network,
INC8539850,INC8539850,Problem: Interface Ethernet1/19 conectado ->  F5itaed01-b_WAN: LINK DOWN,3,7,2026-09-20 00:23:13,,2026-09-20 00:26:05,No Intervention Required,,Team12,IC02784,monitoring.system,Network,Connectivity Loss,Network,
INC8539849,INC8539849,Problem: Check Application Monitoring,4,7,2026-09-20 00:20:07,,2026-09-20 00:20:40,No Intervention Required,,Team14,IC00014,monitoring.system,Software,Health Check Failure,Application Monitoring,
INC8539848,INC8539848,Problem: IOwait grown up CPU queue,4,7,2026-09-20 00:20:04,,2026-09-20 00:32:38,No Intervention Required,,Team14,IC00568,monitoring.system,Software,General Support,Shared Hosting,
INC8539847,INC8539847,Problem: Disk I/O is overloaded on IC00568,4,7,2026-09-20 00:18:53,,2026-09-20 00:27:40,No Intervention Required,,Team14,IC00568,monitoring.system,Software,General Support,Shared Hosting,
INC8539846,INC8539846,Problem: Check Application Monitoring,4,7,2026-09-20 00:16:47,,2026-09-20 00:17:17,No Intervention Required,,Team14,IC00008,monitoring.system,Software,Monitoring Alert,Application Monitoring,
INC8539842,INC8539842,Problem: IOwait grown up CPU queue,4,7,2026-09-20 00:12:14,,2026-09-20 00:41:46,No Intervention Required,,Team14,IC00396,monitoring.system,Software,General Support,Shared Hosting,
INC8539841,INC8539841,Problem: Check: HTTP Type: tcp on Port: 80 Not Running,4,7,2026-09-20 00:11:53,,2026-09-20 01:36:20,No Intervention Required,,Team14,IC03014,monitoring.system,Software,Service Port Down,Shared Hosting,
INC8539840,INC8539840,Problem: Check: HTTPS Type: tcp on Port: 443 Not Running,4,7,2026-09-20 00:11:50,,2026-09-20 01:36:20,No Intervention Required,,Team14,IC03014,monitoring.system,Software,Service Port Down,Shared Hosting,
INC8539839,INC8539839,Problem: Check Application Monitoring,4,7,2026-09-20 00:11:04,,2026-09-20 00:11:38,No Intervention Required,,Team14,IC01984,monitoring.system,Software,Monitoring Alert,Application Monitoring,
INC8539838,INC8539838,Problem: Check Application Monitoring,4,7,2026-09-20 00:09:56,,2026-09-20 00:10:32,No Intervention Required,,Team14,IC00014,monitoring.system,Software,Health Check Failure,Application Monitoring,
INC8539837,INC8539837,Problem: Check: HTTPS Type: tcp on Port: 443 Not Running,2,7,2026-09-20 00:09:01,,2026-09-20 00:35:27,No Intervention Required,,Team14,IC05131,monitoring.system,Hardware,Disk/Swap Space,Cloud Servers,INC8539836
INC8539836,INC8539836,Problem: Check: HTTP Type: tcp on Port: 80 Not Running,2,7,2026-09-20 00:08:52,2026-09-20 00:35:24,2026-09-20 00:37:30,Application Failure,Contorno,Team14,IC05131,monitoring.system,Hardware,Disk/Swap Space,Cloud Servers,
INC8539835,INC8539835,Problem: Disk I/O is overloaded on IC00396,4,7,2026-09-20 00:08:44,,2026-09-20 00:31:23,No Intervention Required,,Team14,IC00396,monitoring.system,Software,General Support,Shared Hosting,
INC8539833,INC8539833,Problem: Free disk is less than 15% on volume /IC04387-ssd,3,7,2026-09-20 00:08:27,2026-09-20 00:53:33,,Cloud Failure,Contorno,Team14,IC04387,monitoring.system,Hardware,RAID/Storage Failure,Cloud Servers,
INC8539830,INC8539830,Problem: Check PostgreSQL Replication Slave,4,7,2026-09-20 00:07:29,,2026-09-20 00:27:16,No Intervention Required,,Team14,IC00764,monitoring.system,Software,Database Service Down,Database Hosting,
INC8539828,INC8539828,Problem: IC06745 - IC01442 - Activation fail: ID: 101842,4,7,2026-09-20 00:03:51,,2026-09-20 00:34:53,No Intervention Required,,Team14,IC04860,monitoring.system,Software,General Support,Shared Hosting,
INC8539827,INC8539827,Problem: Apache Busy Workers,3,7,2026-09-20 00:02:29,,2026-09-20 00:06:52,No Intervention Required,,Team14,IC00033,monitoring.system,Software,General Support,Shared Hosting,
